id;type;GlobalId;Name;material_name;Espesor_mm;area_m2;volume_m3;objectType;is_target_class
593;IfcBeam;2Uhw1he2z3UO$DBmBugLyy;M_W-Wide Flange:W460X60:W460X60:190021;;;10.549633518762139;0.05543942421188272;M_W-Wide Flange:W460X60:176883;True
594;IfcBeam;1LjG5joarCGOsly5yT5gae;M_W-Wide Flange:W460X60:W460X60:189738;;;8.64210939521899;0.04540040593447356;M_W-Wide Flange:W460X60:176883;True
595;IfcBeam;2t9idiDlv0ZBWxqSNhKb18;M_W-Wide Flange:W460X60:W460X60:181131;;;6.805844364242806;0.03573641376090472;M_W-Wide Flange:W460X60:176883;True
596;IfcBeam;2t9idiDlv0ZBWxqSNhKYX0;M_W-Wide Flange:W460X60:W460X60:179075;;;14.09375933289754;0.0740916359462315;M_W-Wide Flange:W460X60:176883;True
597;IfcBeam;2t9idiDlv0ZBWxqSNhKYzg;M_W-Wide Flange:W460X60:W460X60:179369;;;6.86842331453572;0.03606575754782609;M_W-Wide Flange:W460X60:176883;True
598;IfcBeam;2t9idiDlv0ZBWxqSNhKYLI;M_W-Wide Flange:W460X60:W460X60:177809;;;8.954201413575133;0.04704290022215191;M_W-Wide Flange:W460X60:176883;True
599;IfcBeam;2t9idiDlv0ZBWxqSNhKYGS;M_W-Wide Flange:W460X60:W460X60:178143;;;12.323024476974265;0.0647725194194251;M_W-Wide Flange:W460X60:176883;True
600;IfcBeam;2t9idiDlv0ZBWxqSNhKYLQ;M_W-Wide Flange:W460X60:W460X60:177817;;;10.090422946125976;0.05302266665952972;M_W-Wide Flange:W460X60:176883;True
601;IfcBeam;2t9idiDlv0ZBWxqSNhKYzr;M_W-Wide Flange:W460X60:W460X60:179382;;;8.99330514164328;0.04724869737876462;M_W-Wide Flange:W460X60:176883;True
602;IfcBeam;2t9idiDlv0ZBWxqSNhKb8K;M_W-Wide Flange:W460X60:W460X60:180695;;;8.604481279535413;0.04520237471316776;M_W-Wide Flange:W460X60:176883;True
603;IfcBeam;2t9idiDlv0ZBWxqSNhKYoH;M_W-Wide Flange:W460X60:W460X60:180050;;;10.891643578126533;0.057239372745351055;M_W-Wide Flange:W460X60:176883;True
604;IfcBeam;2t9idiDlv0ZBWxqSNhKYud;M_W-Wide Flange:W460X60:W460X60:179684;;;8.993305141643477;0.04724869737876342;M_W-Wide Flange:W460X60:176883;True
605;IfcBeam;2t9idiDlv0ZBWxqSNhKYxl;M_W-Wide Flange:W460X60:W460X60:179500;;;7.694618686066815;0.040413902004494726;M_W-Wide Flange:W460X60:176883;True
606;IfcBeam;2t9idiDlv0ZBWxqSNhKYuK;M_W-Wide Flange:W460X60:W460X60:179671;;;6.86842331453574;0.03606575754782495;M_W-Wide Flange:W460X60:176883;True
607;IfcBeam;2t9idiDlv0ZBWxqSNhKYL3;M_W-Wide Flange:W460X60:W460X60:177792;;;14.492174675480303;0.0761884371647534;M_W-Wide Flange:W460X60:176883;True
608;IfcBeam;0NwXg6Ayr9z88KpqSjwzLT;M_W-Wide Flange:W460X60:W460X60:189060;;;8.642109395218982;0.04540040593447364;M_W-Wide Flange:W460X60:176883;True
609;IfcBeam;2t9idiDlv0ZBWxqSNhKYGi;M_W-Wide Flange:W460X60:W460X60:178159;;;10.813436121989993;0.05682777843208153;M_W-Wide Flange:W460X60:176883;True
610;IfcBeam;2Uhw1he2z3UO$DBmBugL$C;M_W-Wide Flange:W460X60:W460X60:190133;;;10.412565723308862;0.054718056609342994;M_W-Wide Flange:W460X60:176883;True
611;IfcBeam;2t9idiDlv0ZBWxqSNhKbCx;M_W-Wide Flange:W460X60:W460X60:180472;;;7.512528118382781;0.03945558618831721;M_W-Wide Flange:W460X60:176883;True
612;IfcBeam;2t9idiDlv0ZBWxqSNhKb1z;M_W-Wide Flange:W460X60:W460X60:181182;;;14.05465560482906;0.07388583878957569;M_W-Wide Flange:W460X60:176883;True
613;IfcBeam;0NwXg6Ayr9z88KpqSjw_0W;M_W-Wide Flange:W460X60:W460X60:186361;;;12.398280708346075;0.06516858186479879;M_W-Wide Flange:W460X60:176883;True
614;IfcBeam;2t9idiDlv0ZBWxqSNhKYcv;M_W-Wide Flange:W460X60:W460X60:178810;;;14.054655604824228;0.07388583878163175;M_W-Wide Flange:W460X60:176883;True
615;IfcBeam;2t9idiDlv0ZBWxqSNhKYZS;M_W-Wide Flange:W460X60:W460X60:178975;;;8.604481279535474;0.045202374713172525;M_W-Wide Flange:W460X60:176883;True
616;IfcBeam;2t9idiDlv0ZBWxqSNhKYof;M_W-Wide Flange:W460X60:W460X60:180074;;;9.091433364914494;0.04776513175803365;M_W-Wide Flange:W460X60:176883;True
617;IfcBeam;2t9idiDlv0ZBWxqSNhKYHD;M_W-Wide Flange:W460X60:W460X60:178062;;;6.868423314535665;0.03606575754782797;M_W-Wide Flange:W460X60:176883;True
618;IfcBeam;2t9idiDlv0ZBWxqSNhKYun;M_W-Wide Flange:W460X60:W460X60:179698;;;10.09042294612605;0.05302266665953484;M_W-Wide Flange:W460X60:176883;True
619;IfcBeam;2t9idiDlv0ZBWxqSNhKYuz;M_W-Wide Flange:W460X60:W460X60:179710;;;10.090422946126093;0.05302266665951471;M_W-Wide Flange:W460X60:176883;True
620;IfcBeam;2t9idiDlv0ZBWxqSNhKbUs;M_W-Wide Flange:W460X60:W460X60:181365;;;8.604481279530434;0.045202374708299575;M_W-Wide Flange:W460X60:176883;True
621;IfcBeam;2t9idiDlv0ZBWxqSNhKYJZ;M_W-Wide Flange:W460X60:W460X60:177952;;;14.492174675475258;0.07618843715654498;M_W-Wide Flange:W460X60:176883;True
622;IfcBeam;2t9idiDlv0ZBWxqSNhKYxG;M_W-Wide Flange:W460X60:W460X60:179475;;;10.341277050715215;0.05434287483400095;M_W-Wide Flange:W460X60:176883;True
623;IfcBeam;2t9idiDlv0ZBWxqSNhKYLE;M_W-Wide Flange:W460X60:W460X60:177805;;;6.829319586467412;0.03585996039121329;M_W-Wide Flange:W460X60:176883;True
624;IfcBeam;3CGq687PzBuuySFo1Q5m$A;M_W-Wide Flange:W460X60:W460X60:242096;;;1.4544023779228379;0.007572563430616405;M_W-Wide Flange:W460X60:176883;True
625;IfcBeam;3CGq687PzBuuySFo1Q5mn6;M_W-Wide Flange:W460X60:W460X60:242236;;;1.5318720278709719;0.007980274778670799;M_W-Wide Flange:W460X60:176883;True
626;IfcBeam;2t9idiDlv0ZBWxqSNhKYZq;M_W-Wide Flange:W460X60:W460X60:178999;;;14.09375933289727;0.07409163594622827;M_W-Wide Flange:W460X60:176883;True
627;IfcBeam;0NwXg6Ayr9z88KpqSjw_kV;M_W-Wide Flange:W460X60:W460X60:187462;;;4.725846546833369;0.024789691852917583;M_W-Wide Flange:W460X60:176883;True
628;IfcBeam;2LX158HAHA$f07Y9Ra1FPJ;M_W-Wide Flange:W460X60:W460X60:225399;;;10.54963351876201;0.05543942421188839;M_W-Wide Flange:W460X60:176883;True
629;IfcBeam;2t9idiDlv0ZBWxqSNhKYKy;M_W-Wide Flange:W460X60:W460X60:177919;;;14.49217467548025;0.0761884371647571;M_W-Wide Flange:W460X60:176883;True
630;IfcBeam;2t9idiDlv0ZBWxqSNhKYKm;M_W-Wide Flange:W460X60:W460X60:177907;;;10.090422946130937;0.05302266666523929;M_W-Wide Flange:W460X60:176883;True
631;IfcBeam;2t9idiDlv0ZBWxqSNhKYMn;M_W-Wide Flange:W460X60:W460X60:177778;;;12.323024476974053;0.06477251941944143;M_W-Wide Flange:W460X60:176883;True
632;IfcBeam;2t9idiDlv0ZBWxqSNhKYoT;M_W-Wide Flange:W460X60:W460X60:180062;;;7.320735399300552;0.038446209379519175;M_W-Wide Flange:W460X60:176883;True
633;IfcBeam;2t9idiDlv0ZBWxqSNhKYo7;M_W-Wide Flange:W460X60:W460X60:180036;;;10.419484506856884;0.054754469153123084;M_W-Wide Flange:W460X60:176883;True
634;IfcBeam;2t9idiDlv0ZBWxqSNhKbHj;M_W-Wide Flange:W460X60:W460X60:182190;;;6.806625848553239;0.03574052659381312;M_W-Wide Flange:W460X60:176883;True
635;IfcBeam;2t9idiDlv0ZBWxqSNhKYwB;M_W-Wide Flange:W460X60:W460X60:179528;;;9.382129003761609;0.04929502005452144;M_W-Wide Flange:W460X60:176883;True
636;IfcBeam;2t9idiDlv0ZBWxqSNhKYxS;M_W-Wide Flange:W460X60:W460X60:179487;;;10.870808226444105;0.057129719360731454;M_W-Wide Flange:W460X60:176883;True
637;IfcBeam;0NwXg6Ayr9z88KpqSjw_xM;M_W-Wide Flange:W460X60:W460X60:186639;;;3.970173039103223;0.020812693574247948;M_W-Wide Flange:W460X60:176883;True
638;IfcBeam;3CGq687PzBuuySFo1Q5mn1;M_W-Wide Flange:W460X60:W460X60:242235;;;1.4544023779228206;0.007572563430616325;M_W-Wide Flange:W460X60:176883;True
639;IfcBeam;2t9idiDlv0ZBWxqSNhKbBQ;M_W-Wide Flange:W460X60:W460X60:180505;;;14.09375933289737;0.07409163594621818;M_W-Wide Flange:W460X60:176883;True
640;IfcBeam;2t9idiDlv0ZBWxqSNhKbpe;M_W-Wide Flange:W460X60:W460X60:184107;;;10.090422946131007;0.05302266666523523;M_W-Wide Flange:W460X60:176883;True
641;IfcBeam;0NwXg6Ayr9z88KpqSjw_rT;M_W-Wide Flange:W460X60:W460X60:187012;;;9.535592691269969;0.050102676814789825;M_W-Wide Flange:W460X60:176883;True
642;IfcBeam;2t9idiDlv0ZBWxqSNhKYgN;M_W-Wide Flange:W460X60:W460X60:178516;;;12.323024476974265;0.06477251941941423;M_W-Wide Flange:W460X60:176883;True
643;IfcBeam;2t9idiDlv0ZBWxqSNhKbpS;M_W-Wide Flange:W460X60:W460X60:184095;;;10.090422946131092;0.053022666665237334;M_W-Wide Flange:W460X60:176883;True
644;IfcBeam;0NwXg6Ayr9z88KpqSjw_sZ;M_W-Wide Flange:W460X60:W460X60:187002;;;9.535592691274877;0.05010267682018213;M_W-Wide Flange:W460X60:176883;True
645;IfcBeam;3CGq687PzBuuySFo1Q5n7e;M_W-Wide Flange:W460X60:W460X60:241554;;;10.419484506851825;0.05475446914723862;M_W-Wide Flange:W460X60:176883;True
646;IfcBeam;2t9idiDlv0ZBWxqSNhKb3R;M_W-Wide Flange:W460X60:W460X60:181016;;;7.5125281183826536;0.03945558618832291;M_W-Wide Flange:W460X60:176883;True
647;IfcBeam;3CGq687PzBuuySFo1Q5mnH;M_W-Wide Flange:W460X60:W460X60:242219;;;1.5318720278680324;0.007980274778655483;M_W-Wide Flange:W460X60:176883;True
648;IfcBeam;2t9idiDlv0ZBWxqSNhKbBD;M_W-Wide Flange:W460X60:W460X60:180494;;;9.460336459898137;0.04970661436779268;M_W-Wide Flange:W460X60:176883;True
649;IfcBeam;2t9idiDlv0ZBWxqSNhKYZl;M_W-Wide Flange:W460X60:W460X60:178988;;;7.512528118382721;0.039455586188332156;M_W-Wide Flange:W460X60:176883;True
650;IfcBeam;2t9idiDlv0ZBWxqSNhKYfb;M_W-Wide Flange:W460X60:W460X60:178598;;;15.67619719447427;0.08241977313933387;M_W-Wide Flange:W460X60:176883;True
651;IfcBeam;2t9idiDlv0ZBWxqSNhKYIZ;M_W-Wide Flange:W460X60:W460X60:178016;;;6.793321727336357;0.035670508964990175;M_W-Wide Flange:W460X60:176883;True
652;IfcBeam;2t9idiDlv0ZBWxqSNhKYx6;M_W-Wide Flange:W460X60:W460X60:179461;;;10.8134361219851;0.056827778425949604;M_W-Wide Flange:W460X60:176883;True
653;IfcBeam;2t9idiDlv0ZBWxqSNhKbHY;M_W-Wide Flange:W460X60:W460X60:182177;;;6.807744952983334;0.03574641627546014;M_W-Wide Flange:W460X60:176883;True
654;IfcBeam;2t9idiDlv0ZBWxqSNhKYqo;M_W-Wide Flange:W460X60:W460X60:179953;;;14.054655604824017;0.073885838781632;M_W-Wide Flange:W460X60:176883;True
655;IfcBeam;2t9idiDlv0ZBWxqSNhKYMW;M_W-Wide Flange:W460X60:W460X60:177763;;;14.093759332897509;0.07409163594623314;M_W-Wide Flange:W460X60:176883;True
656;IfcBeam;1H7etdQHD0EvT_T4m6zTMW;M_W-Wide Flange:W460X60:W460X60:177272;;;8.954201413575067;0.04704290022214894;M_W-Wide Flange:W460X60:176883;True
657;IfcBeam;0NwXg6Ayr9z88KpqSjw_sf;M_W-Wide Flange:W460X60:W460X60:186992;;;9.535592691269901;0.05010267681478359;M_W-Wide Flange:W460X60:176883;True
658;IfcBeam;2t9idiDlv0ZBWxqSNhKYJk;M_W-Wide Flange:W460X60:W460X60:177965;;;6.829319586472401;0.03585996039507407;M_W-Wide Flange:W460X60:176883;True
659;IfcBeam;2t9idiDlv0ZBWxqSNhKbtT;M_W-Wide Flange:W460X60:W460X60:183838;;;10.090422946130953;0.05302266666524185;M_W-Wide Flange:W460X60:176883;True
660;IfcBeam;2t9idiDlv0ZBWxqSNhKbpH;M_W-Wide Flange:W460X60:W460X60:184082;;;9.052329636846078;0.04755933460140932;M_W-Wide Flange:W460X60:176883;True
661;IfcBeam;0NwXg6Ayr9z88KpqSjw_fn;M_W-Wide Flange:W460X60:W460X60:187816;;;16.35793896867133;0.08600767961179467;M_W-Wide Flange:W460X60:176883;True
662;IfcBeam;2t9idiDlv0ZBWxqSNhKbOw;M_W-Wide Flange:W460X60:W460X60:181753;;;8.604481279535591;0.04520237471316925;M_W-Wide Flange:W460X60:176883;True
663;IfcBeam;2t9idiDlv0ZBWxqSNhKbAr;M_W-Wide Flange:W460X60:W460X60:180598;;;10.090422946125848;0.05302266665953287;M_W-Wide Flange:W460X60:176883;True
664;IfcBeam;2t9idiDlv0ZBWxqSNhKYMG;M_W-Wide Flange:W460X60:W460X60:177747;;;9.460336459898253;0.04970661436780183;M_W-Wide Flange:W460X60:176883;True
665;IfcBeam;0NwXg6Ayr9z88KpqSjw_yW;M_W-Wide Flange:W460X60:W460X60:186617;;;3.4784989941135493;0.01822508555421854;M_W-Wide Flange:W460X60:176883;True
666;IfcBeam;2t9idiDlv0ZBWxqSNhKYlP;M_W-Wide Flange:W460X60:W460X60:178202;;;7.242527943163995;0.038034615066252664;M_W-Wide Flange:W460X60:176883;True
667;IfcBeam;2t9idiDlv0ZBWxqSNhKYxw;M_W-Wide Flange:W460X60:W460X60:179513;;;2.522368279350006;0.013193110543438892;M_W-Wide Flange:W460X60:176883;True
668;IfcBeam;2t9idiDlv0ZBWxqSNhKb7D;M_W-Wide Flange:W460X60:W460X60:180750;;;7.512528118382645;0.03945558618831711;M_W-Wide Flange:W460X60:176883;True
669;IfcBeam;0NwXg6Ayr9z88KpqSjw_gg;M_W-Wide Flange:W460X60:W460X60:187763;;;9.798841939850542;0.05148811880495086;M_W-Wide Flange:W460X60:176883;True
670;IfcBeam;2t9idiDlv0ZBWxqSNhKbtg;M_W-Wide Flange:W460X60:W460X60:183849;;;8.954201413580295;0.04704290022721062;M_W-Wide Flange:W460X60:176883;True
671;IfcBeam;2t9idiDlv0ZBWxqSNhKYnM;M_W-Wide Flange:W460X60:W460X60:180117;;;8.954201413580083;0.04704290022721784;M_W-Wide Flange:W460X60:176883;True
672;IfcBeam;2t9idiDlv0ZBWxqSNhKYbB;M_W-Wide Flange:W460X60:W460X60:178824;;;9.460336459893258;0.04970661436244031;M_W-Wide Flange:W460X60:176883;True
673;IfcBeam;2t9idiDlv0ZBWxqSNhKYG$;M_W-Wide Flange:W460X60:W460X60:178172;;;8.122557786019557;0.04266608240146792;M_W-Wide Flange:W460X60:176883;True
674;IfcBeam;0NwXg6Ayr9z88KpqSjw_xT;M_W-Wide Flange:W460X60:W460X60:186628;;;4.335278770089262;0.022734191216826814;M_W-Wide Flange:W460X60:176883;True
675;IfcBeam;2t9idiDlv0ZBWxqSNhKYyq;M_W-Wide Flange:W460X60:W460X60:179447;;;7.242527943159032;0.03803461506214825;M_W-Wide Flange:W460X60:176883;True
676;IfcBeam;2t9idiDlv0ZBWxqSNhKYLp;M_W-Wide Flange:W460X60:W460X60:177840;;;9.013225908772707;0.04735353743967871;M_W-Wide Flange:W460X60:176883;True
677;IfcBeam;2t9idiDlv0ZBWxqSNhKbH6;M_W-Wide Flange:W460X60:W460X60:182149;;;6.808526437298786;0.03575052911221484;M_W-Wide Flange:W460X60:176883;True
678;IfcBeam;2t9idiDlv0ZBWxqSNhKbB0;M_W-Wide Flange:W460X60:W460X60:180483;;;14.093759332897745;0.07409163594619857;M_W-Wide Flange:W460X60:176883;True
679;IfcBeam;0NwXg6Ayr9z88KpqSjw_ht;M_W-Wide Flange:W460X60:W460X60:187694;;;9.535592691269956;0.050102676814771915;M_W-Wide Flange:W460X60:176883;True
680;IfcBeam;2t9idiDlv0ZBWxqSNhKbG4;M_W-Wide Flange:W460X60:W460X60:182215;;;9.013225908777827;0.04735353744478513;M_W-Wide Flange:W460X60:176883;True
681;IfcBeam;2t9idiDlv0ZBWxqSNhKbCe;M_W-Wide Flange:W460X60:W460X60:180459;;;8.604481279535584;0.045202374713167424;M_W-Wide Flange:W460X60:176883;True
682;IfcBeam;2t9idiDlv0ZBWxqSNhKYfV;M_W-Wide Flange:W460X60:W460X60:178588;;;10.34127705071506;0.05434287483401889;M_W-Wide Flange:W460X60:176883;True
683;IfcBeam;2t9idiDlv0ZBWxqSNhKYIH;M_W-Wide Flange:W460X60:W460X60:178002;;;5.0894179463452875;0.02670311453512081;M_W-Wide Flange:W460X60:176883;True
684;IfcBeam;2t9idiDlv0ZBWxqSNhKbHu;M_W-Wide Flange:W460X60:W460X60:182203;;;7.473424390309436;0.039249789027458855;M_W-Wide Flange:W460X60:176883;True
685;IfcBeam;2t9idiDlv0ZBWxqSNhKbZv;M_W-Wide Flange:W460X60:W460X60:183098;;;10.813436121990131;0.05682777843207343;M_W-Wide Flange:W460X60:176883;True
686;IfcBeam;2t9idiDlv0ZBWxqSNhKYKH;M_W-Wide Flange:W460X60:W460X60:177874;;;14.49217467548014;0.07618843716473499;M_W-Wide Flange:W460X60:176883;True
687;IfcBeam;0NwXg6Ayr9z88KpqSjw_gd;M_W-Wide Flange:W460X60:W460X60:187774;;;9.798841939850536;0.051488118804950474;M_W-Wide Flange:W460X60:176883;True
688;IfcBeam;2t9idiDlv0ZBWxqSNhKYt9;M_W-Wide Flange:W460X60:W460X60:179722;;;9.013225908772775;0.04735353743968218;M_W-Wide Flange:W460X60:176883;True
689;IfcBeam;0NwXg6Ayr9z88KpqSjw_yt;M_W-Wide Flange:W460X60:W460X60:186606;;;7.527616254962629;0.0395349928228004;M_W-Wide Flange:W460X60:176883;True
690;IfcBeam;0NwXg6Ayr9z88KpqSjw_sy;M_W-Wide Flange:W460X60:W460X60:186981;;;9.535592691269864;0.05010267681479034;M_W-Wide Flange:W460X60:176883;True
691;IfcBeam;2t9idiDlv0ZBWxqSNhKYHs;M_W-Wide Flange:W460X60:W460X60:178101;;;10.090422946126102;0.053022666659529955;M_W-Wide Flange:W460X60:176883;True
692;IfcBeam;2t9idiDlv0ZBWxqSNhKb46;M_W-Wide Flange:W460X60:W460X60:180933;;;6.845729576626565;0.035946323754292964;M_W-Wide Flange:W460X60:176883;True
693;IfcBeam;2t9idiDlv0ZBWxqSNhKbYK;M_W-Wide Flange:W460X60:W460X60:183127;;;10.341277050715187;0.05434287483400256;M_W-Wide Flange:W460X60:176883;True
694;IfcBeam;2t9idiDlv0ZBWxqSNhKb3c;M_W-Wide Flange:W460X60:W460X60:181029;;;14.054655604829161;0.07388583878957773;M_W-Wide Flange:W460X60:176883;True
695;IfcBeam;2LX158HAHA$f07Y9Ra1FSi;M_W-Wide Flange:W460X60:W460X60:225544;;;10.41256572330883;0.05471805660932663;M_W-Wide Flange:W460X60:176883;True
696;IfcBeam;2t9idiDlv0ZBWxqSNhKbYc;M_W-Wide Flange:W460X60:W460X60:183141;;;10.870808226444131;0.05712971936073302;M_W-Wide Flange:W460X60:176883;True
697;IfcBeam;0NwXg6Ayr9z88KpqSjw_fg;M_W-Wide Flange:W460X60:W460X60:187827;;;16.343182844867048;0.08593002029815461;M_W-Wide Flange:W460X60:176883;True
698;IfcBeam;2t9idiDlv0ZBWxqSNhKYtW;M_W-Wide Flange:W460X60:W460X60:179747;;;10.81343612198516;0.056827778425964405;M_W-Wide Flange:W460X60:176883;True
699;IfcBeam;2t9idiDlv0ZBWxqSNhKbLR;M_W-Wide Flange:W460X60:W460X60:181912;;;9.4603364598931;0.049706614362442086;M_W-Wide Flange:W460X60:176883;True
700;IfcBeam;2t9idiDlv0ZBWxqSNhKbIU;M_W-Wide Flange:W460X60:W460X60:182109;;;9.013225908772673;0.04735353743968115;M_W-Wide Flange:W460X60:176883;True
701;IfcBeam;3jMXdawx93suHqay4NiXlL;M_W-Wide Flange:W460X60:W460X60:216329;;;10.267658486710651;0.05395543118941986;M_W-Wide Flange:W460X60:176883;True
702;IfcBeam;2t9idiDlv0ZBWxqSNhKYbX;M_W-Wide Flange:W460X60:W460X60:178850;;;7.43432066224104;0.039043991870857615;M_W-Wide Flange:W460X60:176883;True
703;IfcBeam;2t9idiDlv0ZBWxqSNhKbEZ;M_W-Wide Flange:W460X60:W460X60:180320;;;10.129526674199278;0.05322846382185992;M_W-Wide Flange:W460X60:176883;True
704;IfcBeam;0NwXg6Ayr9z88KpqSjw_rN;M_W-Wide Flange:W460X60:W460X60:187022;;;3.012804983580657;0.015774206623663606;M_W-Wide Flange:W460X60:176883;True
705;IfcBeam;0NwXg6Ayr9z88KpqSjw__2;M_W-Wide Flange:W460X60:W460X60:186459;;;12.398280708345974;0.06516858186480456;M_W-Wide Flange:W460X60:176883;True
706;IfcBeam;2t9idiDlv0ZBWxqSNhKYlh;M_W-Wide Flange:W460X60:W460X60:178216;;;12.283920748900986;0.06456672225583251;M_W-Wide Flange:W460X60:176883;True
707;IfcBeam;2t9idiDlv0ZBWxqSNhKbI0;M_W-Wide Flange:W460X60:W460X60:182083;;;10.090422946125946;0.053022666659532966;M_W-Wide Flange:W460X60:176883;True
708;IfcBeam;3CGq687PzBuuySFo1Q5mwy;M_W-Wide Flange:W460X60:W460X60:241862;;;2.0176309330727147;0.010536752291039795;M_W-Wide Flange:W460X60:176883;True
709;IfcBeam;2t9idiDlv0ZBWxqSNhKYyD;M_W-Wide Flange:W460X60:W460X60:179406;;;6.740782843671221;0.03539400456492618;M_W-Wide Flange:W460X60:176883;True
710;IfcBeam;2t9idiDlv0ZBWxqSNhKYov;M_W-Wide Flange:W460X60:W460X60:180090;;;10.129526674199209;0.053228463821873975;M_W-Wide Flange:W460X60:176883;True
711;IfcBeam;2t9idiDlv0ZBWxqSNhKYyc;M_W-Wide Flange:W460X60:W460X60:179429;;;9.013225908772737;0.04735353743966734;M_W-Wide Flange:W460X60:176883;True
712;IfcBeam;0NwXg6Ayr9z88KpqSjw_ry;M_W-Wide Flange:W460X60:W460X60:187045;;;2.8346796713944213;0.0148367593610963;M_W-Wide Flange:W460X60:176883;True
713;IfcBeam;2t9idiDlv0ZBWxqSNhKb4i;M_W-Wide Flange:W460X60:W460X60:180975;;;7.5125281183826065;0.03945558618832591;M_W-Wide Flange:W460X60:176883;True
714;IfcBeam;2t9idiDlv0ZBWxqSNhKbvZ;M_W-Wide Flange:W460X60:W460X60:183712;;;10.090422946126086;0.053022666659533105;M_W-Wide Flange:W460X60:176883;True
715;IfcBeam;0NwXg6Ayr9z88KpqSjw_rf;M_W-Wide Flange:W460X60:W460X60:187056;;;3.01280498358068;0.015774206623663134;M_W-Wide Flange:W460X60:176883;True
716;IfcBeam;1H7etdQHD0EvT_T4m6zTNn;M_W-Wide Flange:W460X60:W460X60:177193;;;6.829319586467458;0.03585996039121593;M_W-Wide Flange:W460X60:176883;True
717;IfcBeam;2t9idiDlv0ZBWxqSNhKbMc;M_W-Wide Flange:W460X60:W460X60:181861;;;5.089417946350206;0.026703114538000505;M_W-Wide Flange:W460X60:176883;True
718;IfcBeam;2t9idiDlv0ZBWxqSNhKYYt;M_W-Wide Flange:W460X60:W460X60:179060;;;9.460336459898263;0.04970661436780027;M_W-Wide Flange:W460X60:176883;True
719;IfcBeam;2t9idiDlv0ZBWxqSNhKbBh;M_W-Wide Flange:W460X60:W460X60:180520;;;12.323024476974147;0.064772519419433;M_W-Wide Flange:W460X60:176883;True
720;IfcBeam;0uJFlOV3rFvOu6lBJ3bW_E;M_W-Wide Flange:W460X60:W460X60:218228;;;6.823350214672384;0.035828544467389284;M_W-Wide Flange:W460X60:176883;True
721;IfcBeam;2t9idiDlv0ZBWxqSNhKbEl;M_W-Wide Flange:W460X60:W460X60:180332;;;10.090422946131008;0.05302266666522722;M_W-Wide Flange:W460X60:176883;True
722;IfcBeam;2t9idiDlv0ZBWxqSNhKbNb;M_W-Wide Flange:W460X60:W460X60:181798;;;7.43432066224623;0.039043991875067144;M_W-Wide Flange:W460X60:176883;True
723;IfcBeam;1H7etdQHD0EvT_T4m6zTM0;M_W-Wide Flange:W460X60:W460X60:177240;;;6.829319586467458;0.03585996039121593;M_W-Wide Flange:W460X60:176883;True
724;IfcBeam;3CGq687PzBuuySFo1Q5n5G;M_W-Wide Flange:W460X60:W460X60:241450;;;10.4170869440661;0.054741851133580516;M_W-Wide Flange:W460X60:176883;True
725;IfcBeam;2t9idiDlv0ZBWxqSNhKYwQ;M_W-Wide Flange:W460X60:W460X60:179545;;;2.5222788572391885;0.013192639928051138;M_W-Wide Flange:W460X60:176883;True
726;IfcBeam;2t9idiDlv0ZBWxqSNhKYtK;M_W-Wide Flange:W460X60:W460X60:179735;;;7.2425279431590734;0.03803461506215931;M_W-Wide Flange:W460X60:176883;True
727;IfcBeam;2t9idiDlv0ZBWxqSNhKbsz;M_W-Wide Flange:W460X60:W460X60:183934;;;10.090422946126003;0.05302266665952196;M_W-Wide Flange:W460X60:176883;True
728;IfcBeam;2t9idiDlv0ZBWxqSNhKble;M_W-Wide Flange:W460X60:W460X60:182315;;;12.323024476974282;0.06477251941941513;M_W-Wide Flange:W460X60:176883;True
729;IfcBeam;2t9idiDlv0ZBWxqSNhKYhf;M_W-Wide Flange:W460X60:W460X60:178474;;;12.32302447697432;0.06477251941944134;M_W-Wide Flange:W460X60:176883;True
730;IfcBeam;1H7etdQHD0EvT_T4m6zTKb;M_W-Wide Flange:W460X60:W460X60:177405;;;2.4910191894553066;0.013028124903045557;M_W-Wide Flange:W460X60:176883;True
731;IfcBeam;2t9idiDlv0ZBWxqSNhKbpq;M_W-Wide Flange:W460X60:W460X60:184119;;;8.993305141648396;0.04724869738385269;M_W-Wide Flange:W460X60:176883;True
732;IfcBeam;2t9idiDlv0ZBWxqSNhKbd2;M_W-Wide Flange:W460X60:W460X60:182785;;;7.512528118382624;0.03945558618832695;M_W-Wide Flange:W460X60:176883;True
733;IfcBeam;2t9idiDlv0ZBWxqSNhKYK9;M_W-Wide Flange:W460X60:W460X60:177866;;;9.013225908777722;0.047353537444777716;M_W-Wide Flange:W460X60:176883;True
734;IfcBeam;2t9idiDlv0ZBWxqSNhKbem;M_W-Wide Flange:W460X60:W460X60:182771;;;7.24252794315905;0.03803461506214911;M_W-Wide Flange:W460X60:176883;True
735;IfcBeam;2t9idiDlv0ZBWxqSNhKblB;M_W-Wide Flange:W460X60:W460X60:182280;;;14.054655604829145;0.07388583878956637;M_W-Wide Flange:W460X60:176883;True
736;IfcBeam;3jMXdawx93suHqay4NiXlU;M_W-Wide Flange:W460X60:W460X60:216322;;;10.457097958573792;0.05495242320500736;M_W-Wide Flange:W460X60:176883;True
737;IfcBeam;2t9idiDlv0ZBWxqSNhKYyO;M_W-Wide Flange:W460X60:W460X60:179419;;;10.090422946125848;0.053022666659532924;M_W-Wide Flange:W460X60:176883;True
738;IfcBeam;2t9idiDlv0ZBWxqSNhKb5x;M_W-Wide Flange:W460X60:W460X60:180920;;;7.512528118382655;0.03945558618831613;M_W-Wide Flange:W460X60:176883;True
739;IfcBeam;2t9idiDlv0ZBWxqSNhKYM6;M_W-Wide Flange:W460X60:W460X60:177733;;;14.093759332897527;0.07409163594620741;M_W-Wide Flange:W460X60:176883;True
740;IfcBeam;2t9idiDlv0ZBWxqSNhKbEr;M_W-Wide Flange:W460X60:W460X60:180342;;;8.954201413580124;0.04704290022721188;M_W-Wide Flange:W460X60:176883;True
741;IfcBeam;2t9idiDlv0ZBWxqSNhKbYn;M_W-Wide Flange:W460X60:W460X60:183154;;;7.694618686066825;0.04041390200449524;M_W-Wide Flange:W460X60:176883;True
742;IfcBeam;2t9idiDlv0ZBWxqSNhKYqY;M_W-Wide Flange:W460X60:W460X60:179937;;;14.054655604829168;0.07388583878957654;M_W-Wide Flange:W460X60:176883;True
743;IfcBeam;0uJFlOV3rFvOu6lBJ3bWtL;M_W-Wide Flange:W460X60:W460X60:218671;;;10.258763885794862;0.053908620215926774;M_W-Wide Flange:W460X60:176883;True
744;IfcBeam;2t9idiDlv0ZBWxqSNhKYy1;M_W-Wide Flange:W460X60:W460X60:179394;;;2.948459027235556;0.015435563338873517;M_W-Wide Flange:W460X60:176883;True
745;IfcBeam;1H7etdQHD0EvT_T4m6zTL3;M_W-Wide Flange:W460X60:W460X60:177307;;;2.948459027235563;0.015435563338872707;M_W-Wide Flange:W460X60:176883;True
746;IfcBeam;0NwXg6Ayr9z88KpqSjw_r3;M_W-Wide Flange:W460X60:W460X60:187034;;;2.834679671394402;0.014836759361095046;M_W-Wide Flange:W460X60:176883;True
747;IfcBeam;2t9idiDlv0ZBWxqSNhKbuN;M_W-Wide Flange:W460X60:W460X60:183764;;;10.813436121985148;0.05682777842596467;M_W-Wide Flange:W460X60:176883;True
748;IfcBeam;2t9idiDlv0ZBWxqSNhKYl$;M_W-Wide Flange:W460X60:W460X60:178236;;;9.013225908777724;0.04735353744477773;M_W-Wide Flange:W460X60:176883;True
749;IfcBeam;2t9idiDlv0ZBWxqSNhKbeL;M_W-Wide Flange:W460X60:W460X60:182742;;;10.090422946126086;0.05302266665953511;M_W-Wide Flange:W460X60:176883;True
750;IfcBeam;2t9idiDlv0ZBWxqSNhKbvv;M_W-Wide Flange:W460X60:W460X60:183738;;;9.052329636841073;0.04755933459629221;M_W-Wide Flange:W460X60:176883;True
751;IfcBeam;0NwXg6Ayr9z88KpqSjw_fB;M_W-Wide Flange:W460X60:W460X60:187794;;;9.182313675287253;0.048243421429901026;M_W-Wide Flange:W460X60:176883;True
752;IfcBeam;2t9idiDlv0ZBWxqSNhKbsi;M_W-Wide Flange:W460X60:W460X60:183919;;;8.954201413575152;0.04704290022214409;M_W-Wide Flange:W460X60:176883;True
753;IfcBeam;2t9idiDlv0ZBWxqSNhKYNK;M_W-Wide Flange:W460X60:W460X60:177687;;;8.60448127953548;0.04520237471318875;M_W-Wide Flange:W460X60:176883;True
754;IfcBeam;1BMGvuxvH7tvXkyQxLwRRO;M_W-Wide Flange:W460X60:W460X60:202098;;;11.439505611261765;0.06012268986666973;M_W-Wide Flange:W460X60:176883;True
755;IfcBeam;2t9idiDlv0ZBWxqSNhKYbG;M_W-Wide Flange:W460X60:W460X60:178835;;;14.054655604824239;0.07388583878163214;M_W-Wide Flange:W460X60:176883;True
756;IfcBeam;2t9idiDlv0ZBWxqSNhKYG6;M_W-Wide Flange:W460X60:W460X60:178117;;;7.281631671227256;0.03824041221876602;M_W-Wide Flange:W460X60:176883;True
757;IfcBeam;2t9idiDlv0ZBWxqSNhKbIx;M_W-Wide Flange:W460X60:W460X60:182136;;;6.805844364237801;0.03573641375705816;M_W-Wide Flange:W460X60:176883;True
758;IfcBeam;2t9idiDlv0ZBWxqSNhKYkl;M_W-Wide Flange:W460X60:W460X60:178284;;;8.954201413575056;0.04704290022215515;M_W-Wide Flange:W460X60:176883;True
759;IfcBeam;2t9idiDlv0ZBWxqSNhKb4H;M_W-Wide Flange:W460X60:W460X60:180946;;;6.807744952988336;0.03574641627930626;M_W-Wide Flange:W460X60:176883;True
760;IfcBeam;2t9idiDlv0ZBWxqSNhKbqu;M_W-Wide Flange:W460X60:W460X60:184059;;;10.813436121989984;0.056827778432086334;M_W-Wide Flange:W460X60:176883;True
761;IfcBeam;2t9idiDlv0ZBWxqSNhKb2_;M_W-Wide Flange:W460X60:W460X60:181117;;;6.808526437303777;0.035750529116062066;M_W-Wide Flange:W460X60:176883;True
762;IfcBeam;3jMXdawx93suHqay4NiXlK;M_W-Wide Flange:W460X60:W460X60:216328;;;11.483255371096519;0.060352938403606164;M_W-Wide Flange:W460X60:176883;True
763;IfcBeam;2t9idiDlv0ZBWxqSNhKb4$;M_W-Wide Flange:W460X60:W460X60:180988;;;14.054655604829124;0.0738858387895826;M_W-Wide Flange:W460X60:176883;True
764;IfcBeam;2t9idiDlv0ZBWxqSNhKbtC;M_W-Wide Flange:W460X60:W460X60:183823;;;10.129526674199228;0.053228463821874336;M_W-Wide Flange:W460X60:176883;True
765;IfcBeam;2t9idiDlv0ZBWxqSNhKbKm;M_W-Wide Flange:W460X60:W460X60:182003;;;14.093759332897388;0.07409163594621913;M_W-Wide Flange:W460X60:176883;True
766;IfcBeam;2t9idiDlv0ZBWxqSNhKYHV;M_W-Wide Flange:W460X60:W460X60:178076;;;8.993305141643377;0.04724869737875974;M_W-Wide Flange:W460X60:176883;True
767;IfcBeam;2t9idiDlv0ZBWxqSNhKbKh;M_W-Wide Flange:W460X60:W460X60:181992;;;9.46033645989814;0.04970661436779278;M_W-Wide Flange:W460X60:176883;True
768;IfcBeam;2t9idiDlv0ZBWxqSNhKbu4;M_W-Wide Flange:W460X60:W460X60:183751;;;7.281631671227327;0.03824041221875926;M_W-Wide Flange:W460X60:176883;True
769;IfcBeam;2t9idiDlv0ZBWxqSNhKbaw;M_W-Wide Flange:W460X60:W460X60:183033;;;7.512528118377675;0.0394555861840772;M_W-Wide Flange:W460X60:176883;True
770;IfcBeam;3jMXdawx93suHqay4NiXeY;M_W-Wide Flange:W460X60:W460X60:216318;;;12.798316273326865;0.0672739100819521;M_W-Wide Flange:W460X60:176883;True
771;IfcBeam;2t9idiDlv0ZBWxqSNhKbJC;M_W-Wide Flange:W460X60:W460X60:182031;;;10.090422946125958;0.05302266665953338;M_W-Wide Flange:W460X60:176883;True
772;IfcBeam;2t9idiDlv0ZBWxqSNhKYKb;M_W-Wide Flange:W460X60:W460X60:177894;;;14.492174675475402;0.07618843715652658;M_W-Wide Flange:W460X60:176883;True
773;IfcBeam;2t9idiDlv0ZBWxqSNhKbvj;M_W-Wide Flange:W460X60:W460X60:183726;;;10.090422946126104;0.05302266665951518;M_W-Wide Flange:W460X60:176883;True
774;IfcBeam;2t9idiDlv0ZBWxqSNhKYLX;M_W-Wide Flange:W460X60:W460X60:177826;;;10.090422946125997;0.053022666659529843;M_W-Wide Flange:W460X60:176883;True
775;IfcBeam;2t9idiDlv0ZBWxqSNhKbXv;M_W-Wide Flange:W460X60:W460X60:183226;;;15.676197194479277;0.08241977314820428;M_W-Wide Flange:W460X60:176883;True
776;IfcBeam;3jMXdawx93suHqay4NiXeZ;M_W-Wide Flange:W460X60:W460X60:216319;;;10.494726074262129;0.055150454431192424;M_W-Wide Flange:W460X60:176883;True
777;IfcBeam;2t9idiDlv0ZBWxqSNhKbYy;M_W-Wide Flange:W460X60:W460X60:183167;;;1.4267260872484895;0.007426907192495433;M_W-Wide Flange:W460X60:176883;True
778;IfcBeam;2t9idiDlv0ZBWxqSNhKb6R;M_W-Wide Flange:W460X60:W460X60:180824;;;14.054655604829131;0.07388583878956552;M_W-Wide Flange:W460X60:176883;True
779;IfcBeam;2t9idiDlv0ZBWxqSNhKYbi;M_W-Wide Flange:W460X60:W460X60:178863;;;8.565377551462152;0.0449965775517023;M_W-Wide Flange:W460X60:176883;True
780;IfcBeam;3jMXdawx93suHqay4NiXlR;M_W-Wide Flange:W460X60:W460X60:216327;;;7.3583781789551965;0.03864431777586394;M_W-Wide Flange:W460X60:176883;True
781;IfcBeam;2t9idiDlv0ZBWxqSNhKYGH;M_W-Wide Flange:W460X60:W460X60:178130;;;10.81343612198502;0.05682777842595922;M_W-Wide Flange:W460X60:176883;True
782;IfcBeam;2t9idiDlv0ZBWxqSNhKbLF;M_W-Wide Flange:W460X60:W460X60:181900;;;14.093759332892596;0.07409163593824014;M_W-Wide Flange:W460X60:176883;True
783;IfcBeam;0NwXg6Ayr9z88KpqSjw_fH;M_W-Wide Flange:W460X60:W460X60:187784;;;9.798841939850536;0.0514881188049507;M_W-Wide Flange:W460X60:176883;True
784;IfcBeam;3jMXdawx93suHqay4NiXc7;M_W-Wide Flange:W460X60:W460X60:216923;;;3.1247947066378767;0.01636359202622777;M_W-Wide Flange:W460X60:176883;True
785;IfcBeam;0uJFlOV3rFvOu6lBJ3bWxq;M_W-Wide Flange:W460X60:W460X60:218382;;;10.257709200198859;0.05390306955532846;M_W-Wide Flange:W460X60:176883;True
786;IfcBeam;2t9idiDlv0ZBWxqSNhKYLu;M_W-Wide Flange:W460X60:W460X60:177851;;;14.492174675475185;0.07618843715652279;M_W-Wide Flange:W460X60:176883;True
787;IfcBeam;3jMXdawx93suHqay4NiXlO;M_W-Wide Flange:W460X60:W460X60:216324;;;1.844108367589659;0.009623528608573182;M_W-Wide Flange:W460X60:176883;True
788;IfcBeam;0NwXg6Ayr9z88KpqSjw__y;M_W-Wide Flange:W460X60:W460X60:186469;;;7.772826142198378;0.04082549631337005;M_W-Wide Flange:W460X60:176883;True
789;IfcBeam;2t9idiDlv0ZBWxqSNhKbFq;M_W-Wide Flange:W460X60:W460X60:180279;;;10.891643578126594;0.05723937274534144;M_W-Wide Flange:W460X60:176883;True
790;IfcBeam;2t9idiDlv0ZBWxqSNhKYH_;M_W-Wide Flange:W460X60:W460X60:178109;;;9.05232963684105;0.04755933459628899;M_W-Wide Flange:W460X60:176883;True
791;IfcBeam;2t9idiDlv0ZBWxqSNhKbD3;M_W-Wide Flange:W460X60:W460X60:180352;;;6.829319586472424;0.035859960395068044;M_W-Wide Flange:W460X60:176883;True
792;IfcBeam;2t9idiDlv0ZBWxqSNhKbKz;M_W-Wide Flange:W460X60:W460X60:182014;;;12.323024476974476;0.06477251941941764;M_W-Wide Flange:W460X60:176883;True
793;IfcBeam;0NwXg6Ayr9z88KpqSjw_f4;M_W-Wide Flange:W460X60:W460X60:187805;;;9.182313675287178;0.048243421429912864;M_W-Wide Flange:W460X60:176883;True
794;IfcBeam;2t9idiDlv0ZBWxqSNhKbt0;M_W-Wide Flange:W460X60:W460X60:183811;;;9.091433364914282;0.04776513175804388;M_W-Wide Flange:W460X60:176883;True
795;IfcBeam;2t9idiDlv0ZBWxqSNhKbGu;M_W-Wide Flange:W460X60:W460X60:182267;;;7.512528118382665;0.03945558618831809;M_W-Wide Flange:W460X60:176883;True
796;IfcBeam;2t9idiDlv0ZBWxqSNhKbLp;M_W-Wide Flange:W460X60:W460X60:181936;;;7.512528118377706;0.039455586184079884;M_W-Wide Flange:W460X60:176883;True
797;IfcBeam;2t9idiDlv0ZBWxqSNhKYn4;M_W-Wide Flange:W460X60:W460X60:180103;;;10.09042294613118;0.05302266666522956;M_W-Wide Flange:W460X60:176883;True
798;IfcBeam;2t9idiDlv0ZBWxqSNhKbW9;M_W-Wide Flange:W460X60:W460X60:183242;;;10.341277050720109;0.05434287483986673;M_W-Wide Flange:W460X60:176883;True
799;IfcBeam;2t9idiDlv0ZBWxqSNhKbdF;M_W-Wide Flange:W460X60:W460X60:182796;;;12.959013412727513;0.06811963543863903;M_W-Wide Flange:W460X60:176883;True
800;IfcBeam;2t9idiDlv0ZBWxqSNhKbIe;M_W-Wide Flange:W460X60:W460X60:182123;;;12.283920748901016;0.06456672225583462;M_W-Wide Flange:W460X60:176883;True
801;IfcBeam;2t9idiDlv0ZBWxqSNhKbal;M_W-Wide Flange:W460X60:W460X60:183020;;;12.95901341272254;0.06811963543130299;M_W-Wide Flange:W460X60:176883;True
802;IfcBeam;0NwXg6Ayr9z88KpqSjw_lf;M_W-Wide Flange:W460X60:W460X60:187440;;;10.824392543906225;0.056885440459467085;M_W-Wide Flange:W460X60:176883;True
803;IfcBeam;2t9idiDlv0ZBWxqSNhKbKU;M_W-Wide Flange:W460X60:W460X60:181981;;;14.093759332897758;0.07409163594620022;M_W-Wide Flange:W460X60:176883;True
804;IfcBeam;3jMXdawx93suHqay4NiXea;M_W-Wide Flange:W460X60:W460X60:216312;;;10.967622951722198;0.05763924098862143;M_W-Wide Flange:W460X60:176883;True
805;IfcBeam;2t9idiDlv0ZBWxqSNhKbM8;M_W-Wide Flange:W460X60:W460X60:181835;;;14.054655604829279;0.07388583878959444;M_W-Wide Flange:W460X60:176883;True
806;IfcBeam;2t9idiDlv0ZBWxqSNhKbdm;M_W-Wide Flange:W460X60:W460X60:182835;;;12.32302447697425;0.06477251941943049;M_W-Wide Flange:W460X60:176883;True
807;IfcBeam;2t9idiDlv0ZBWxqSNhKbEM;M_W-Wide Flange:W460X60:W460X60:180309;;;9.091433364914263;0.04776513175803966;M_W-Wide Flange:W460X60:176883;True
808;IfcBeam;2t9idiDlv0ZBWxqSNhKbpB;M_W-Wide Flange:W460X60:W460X60:184072;;;7.281631671232305;0.038240412222882963;M_W-Wide Flange:W460X60:176883;True
809;IfcBeam;0FW0PzjNH7NBjuEjXLDhvA;M_W-Wide Flange:W460X60:W460X60:207088;;;10.967622951717178;0.05763924098241993;M_W-Wide Flange:W460X60:176883;True
810;IfcBeam;2t9idiDlv0ZBWxqSNhKbE5;M_W-Wide Flange:W460X60:W460X60:180294;;;7.320735399300582;0.03844620937951558;M_W-Wide Flange:W460X60:176883;True
811;IfcBeam;2t9idiDlv0ZBWxqSNhKbMz;M_W-Wide Flange:W460X60:W460X60:181886;;;12.323024476969366;0.06477251941245742;M_W-Wide Flange:W460X60:176883;True
812;IfcBeam;2t9idiDlv0ZBWxqSNhKbNP;M_W-Wide Flange:W460X60:W460X60:181786;;;8.993305141648333;0.047248697383858895;M_W-Wide Flange:W460X60:176883;True
813;IfcBeam;2t9idiDlv0ZBWxqSNhKbNm;M_W-Wide Flange:W460X60:W460X60:181811;;;14.05465560482931;0.07388583878959087;M_W-Wide Flange:W460X60:176883;True
814;IfcBeam;3jMXdawx93suHqay4NiXee;M_W-Wide Flange:W460X60:W460X60:216308;;;11.439505611256706;0.06012268986020198;M_W-Wide Flange:W460X60:176883;True
815;IfcBeam;2t9idiDlv0ZBWxqSNhKblZ;M_W-Wide Flange:W460X60:W460X60:182304;;;14.054655604829076;0.07388583878957655;M_W-Wide Flange:W460X60:176883;True
816;IfcBeam;3jMXdawx93suHqay4NiXlT;M_W-Wide Flange:W460X60:W460X60:216321;;;1.2163852157345427;0.0063199141915799215;M_W-Wide Flange:W460X60:176883;True
817;IfcBeam;3jMXdawx93suHqay4NiXlP;M_W-Wide Flange:W460X60:W460X60:216325;;;7.509613783032714;0.039440248470964806;M_W-Wide Flange:W460X60:176883;True
818;IfcBeam;2t9idiDlv0ZBWxqSNhKbvH;M_W-Wide Flange:W460X60:W460X60:183698;;;8.9933051416433;0.04724869737876352;M_W-Wide Flange:W460X60:176883;True
819;IfcBeam;2t9idiDlv0ZBWxqSNhKbaJ;M_W-Wide Flange:W460X60:W460X60:182992;;;12.959013412722477;0.06811963543130214;M_W-Wide Flange:W460X60:176883;True
820;IfcBeam;2t9idiDlv0ZBWxqSNhKbNy;M_W-Wide Flange:W460X60:W460X60:181823;;;9.460336459898285;0.04970661436779926;M_W-Wide Flange:W460X60:176883;True
821;IfcBeam;2t9idiDlv0ZBWxqSNhKbXe;M_W-Wide Flange:W460X60:W460X60:183211;;;7.699726076623244;0.040440781448124796;M_W-Wide Flange:W460X60:176883;True
822;IfcBeam;2t9idiDlv0ZBWxqSNhKYNj;M_W-Wide Flange:W460X60:W460X60:177710;;;7.512528118382659;0.039455586188323385;M_W-Wide Flange:W460X60:176883;True
823;IfcBeam;0FW0PzjNH7NBjuEjXLDhKB;M_W-Wide Flange:W460X60:W460X60:205745;;;10.96689980949839;0.057635435191519396;M_W-Wide Flange:W460X60:176883;True
824;IfcBeam;1BMGvuxvH7tvXkyQxLwRBi;M_W-Wide Flange:W460X60:W460X60:201030;;;3.1247947066428665;0.01636359202799264;M_W-Wide Flange:W460X60:176883;True
825;IfcBeam;3jMXdawx93suHqay4NiXex;M_W-Wide Flange:W460X60:W460X60:216295;;;1.4267260872484788;0.007426907192495365;M_W-Wide Flange:W460X60:176883;True
826;IfcBeam;0FW0PzjNH7NBjuEjXLDhrA;M_W-Wide Flange:W460X60:W460X60:207856;;;10.968375421878482;0.05764320112196594;M_W-Wide Flange:W460X60:176883;True
827;IfcBeam;1H7etdQHD0EvT_T4m6zTLd;M_W-Wide Flange:W460X60:W460X60:177343;;;3.8485825789965578;0.02017278090614541;M_W-Wide Flange:W460X60:176883;True
828;IfcBeam;2t9idiDlv0ZBWxqSNhKYHk;M_W-Wide Flange:W460X60:W460X60:178093;;;10.090422946125996;0.053022666659536165;M_W-Wide Flange:W460X60:176883;True
829;IfcBeam;2t9idiDlv0ZBWxqSNhKbLW;M_W-Wide Flange:W460X60:W460X60:181923;;;14.093759332892331;0.07409163593824103;M_W-Wide Flange:W460X60:176883;True
830;IfcBeam;0uJFlOV3rFvOu6lBJ3bWq9;M_W-Wide Flange:W460X60:W460X60:218867;;;6.847156111254316;0.03595383139575163;M_W-Wide Flange:W460X60:176883;True
831;IfcBeam;2t9idiDlv0ZBWxqSNhKbcz;M_W-Wide Flange:W460X60:W460X60:182910;;;7.2425279431640055;0.03803461506625269;M_W-Wide Flange:W460X60:176883;True
832;IfcBeam;0NwXg6Ayr9z88KpqSjw_lY;M_W-Wide Flange:W460X60:W460X60:187451;;;7.527616254962551;0.03953499282280639;M_W-Wide Flange:W460X60:176883;True
833;IfcBeam;2t9idiDlv0ZBWxqSNhKYj7;M_W-Wide Flange:W460X60:W460X60:178308;;;10.090422946125942;0.05302266665953286;M_W-Wide Flange:W460X60:176883;True
834;IfcBeam;3jMXdawx93suHqay4NiXer;M_W-Wide Flange:W460X60:W460X60:216297;;;10.129526674194343;0.05322846381613958;M_W-Wide Flange:W460X60:176883;True
835;IfcBeam;0FW0PzjNH7NBjuEjXLDhAi;M_W-Wide Flange:W460X60:W460X60:205846;;;9.392458288617217;0.04934938155280743;M_W-Wide Flange:W460X60:176883;True
836;IfcBeam;2t9idiDlv0ZBWxqSNhKYmB;M_W-Wide Flange:W460X60:W460X60:180168;;;6.829319586472529;0.03585996039506943;M_W-Wide Flange:W460X60:176883;True
837;IfcBeam;2t9idiDlv0ZBWxqSNhKba0;M_W-Wide Flange:W460X60:W460X60:182979;;;12.323024476969278;0.06477251941245502;M_W-Wide Flange:W460X60:176883;True
838;IfcBeam;1JBEqYR0LDDwKzYtJS0qRV;M_W-Wide Flange:W460X60:W460X60:211118;;;10.457097958568914;0.054952423199082584;M_W-Wide Flange:W460X60:176883;True
839;IfcBeam;3jMXdawx93suHqay4NiXlQ;M_W-Wide Flange:W460X60:W460X60:216326;;;10.323717262494432;0.05425046025705637;M_W-Wide Flange:W460X60:176883;True
840;IfcBeam;2t9idiDlv0ZBWxqSNhKbMo;M_W-Wide Flange:W460X60:W460X60:181873;;;8.954201413575065;0.04704290022215582;M_W-Wide Flange:W460X60:176883;True
841;IfcBeam;3jMXdawx93suHqay4NiXeW;M_W-Wide Flange:W460X60:W460X60:216316;;;1.9338279547965174;0.010095709570684733;M_W-Wide Flange:W460X60:176883;True
842;IfcBeam;3jMXdawx93suHqay4NiX6l;M_W-Wide Flange:W460X60:W460X60:214899;;;10.26449671543968;0.05393879124750253;M_W-Wide Flange:W460X60:176883;True
843;IfcBeam;3jMXdawx93suHqay4NiXeq;M_W-Wide Flange:W460X60:W460X60:216296;;;9.091433364909369;0.0477651317528903;M_W-Wide Flange:W460X60:176883;True
844;IfcBeam;3jMXdawx93suHqay4NiXeg;M_W-Wide Flange:W460X60:W460X60:216310;;;10.966899809503378;0.05763543519772969;M_W-Wide Flange:W460X60:176883;True
845;IfcBeam;2t9idiDlv0ZBWxqSNhKbdb;M_W-Wide Flange:W460X60:W460X60:182822;;;12.959013412727446;0.06811963543863858;M_W-Wide Flange:W460X60:176883;True
846;IfcBeam;2t9idiDlv0ZBWxqSNhKbMR;M_W-Wide Flange:W460X60:W460X60:181848;;;6.793321727341519;0.035670508968835724;M_W-Wide Flange:W460X60:176883;True
847;IfcBeam;2t9idiDlv0ZBWxqSNhKbKJ;M_W-Wide Flange:W460X60:W460X60:181968;;;7.512528118382799;0.03945558618831824;M_W-Wide Flange:W460X60:176883;True
848;IfcBeam;0FW0PzjNH7NBjuEjXLDhkm;M_W-Wide Flange:W460X60:W460X60:208138;;;10.49620168663717;0.05515822035569931;M_W-Wide Flange:W460X60:176883;True
849;IfcBeam;3jMXdawx93suHqay4NiXef;M_W-Wide Flange:W460X60:W460X60:216309;;;10.968386974330251;0.05764326192081868;M_W-Wide Flange:W460X60:176883;True
850;IfcBeam;2t9idiDlv0ZBWxqSNhKbFb;M_W-Wide Flange:W460X60:W460X60:180262;;;10.419484506856715;0.054754469153121675;M_W-Wide Flange:W460X60:176883;True
851;IfcBeam;0FW0PzjNH7NBjuEjXLDg0v;M_W-Wide Flange:W460X60:W460X60:210563;;;1.216385215734542;0.006319914191579849;M_W-Wide Flange:W460X60:176883;True
852;IfcBeam;3jMXdawx93suHqay4NiXeb;M_W-Wide Flange:W460X60:W460X60:216313;;;10.968375421883328;0.05764320112816976;M_W-Wide Flange:W460X60:176883;True
853;IfcBeam;2t9idiDlv0ZBWxqSNhKbNE;M_W-Wide Flange:W460X60:W460X60:181773;;;2.9484590272405233;0.015435563340537193;M_W-Wide Flange:W460X60:176883;True
854;IfcBeam;3jMXdawx93suHqay4NiXeh;M_W-Wide Flange:W460X60:W460X60:216311;;;9.392458288622178;0.049349381558129624;M_W-Wide Flange:W460X60:176883;True
855;IfcBeam;0GpQFpWOH1YvaHrmh9F2W7;M_W-Wide Flange:W460X60:W460X60:211625;;;1.844108367589659;0.009623528608572874;M_W-Wide Flange:W460X60:176883;True
856;IfcBeam;0FW0PzjNH7NBjuEjXLDhdc;M_W-Wide Flange:W460X60:W460X60:208732;;;2.0176309330727222;0.01053675229103921;M_W-Wide Flange:W460X60:176883;True
857;IfcBeam;2t9idiDlv0ZBWxqSNhKb_W;M_W-Wide Flange:W460X60:W460X60:183395;;;3.848582578996556;0.02017278090614565;M_W-Wide Flange:W460X60:176883;True
858;IfcBeam;2t9idiDlv0ZBWxqSNhKbbs;M_W-Wide Flange:W460X60:W460X60:182965;;;10.813436121984978;0.05682777842596675;M_W-Wide Flange:W460X60:176883;True
859;IfcBeam;2t9idiDlv0ZBWxqSNhKbzy;M_W-Wide Flange:W460X60:W460X60:183487;;;6.740782843671088;0.035394004564925995;M_W-Wide Flange:W460X60:176883;True
860;IfcBeam;1BMGvuxvH7tvXkyQxLwRjf;M_W-Wide Flange:W460X60:W460X60:202947;;;10.968387020509729;0.05764326217002165;M_W-Wide Flange:W460X60:176883;True
861;IfcBeam;0aSzx2AhbFUfOfa4k6JuYQ;M_W-Wide Flange:W460X60:W460X60:212755;;;7.699815498734022;0.04044125206351196;M_W-Wide Flange:W460X60:176883;True
862;IfcBeam;3jMXdawx93suHqay4NiXec;M_W-Wide Flange:W460X60:W460X60:216314;;;10.496201686642198;0.055158220361632086;M_W-Wide Flange:W460X60:176883;True
863;IfcBeam;3jMXdawx93suHqay4NiXEh;M_W-Wide Flange:W460X60:W460X60:214391;;;11.483255371091563;0.0603529383971213;M_W-Wide Flange:W460X60:176883;True
864;IfcBeam;0FW0PzjNH7NBjuEjXLDgTc;M_W-Wide Flange:W460X60:W460X60:209372;;;10.494726074257205;0.05515045442525501;M_W-Wide Flange:W460X60:176883;True
865;IfcBeam;3uRYP$NkDA48HNMUX8KN$x;M_W-Wide Flange:W460X60:W460X60:213506;;;10.207607521893951;0.053639391813572954;M_W-Wide Flange:W460X60:176883;True
866;IfcBeam;0FW0PzjNH7NBjuEjXLDhWl;M_W-Wide Flange:W460X60:W460X60:208533;;;1.933827954796509;0.010095709570684633;M_W-Wide Flange:W460X60:176883;True
867;IfcBeam;3jMXdawx93suHqay4NiX8L;M_W-Wide Flange:W460X60:W460X60:214217;;;7.358378178960141;0.03864431778003223;M_W-Wide Flange:W460X60:176883;True
868;IfcBeam;3uRYP$NkDA48HNMUX8KNtn;M_W-Wide Flange:W460X60:W460X60:213000;;;7.509613783027829;0.039440248466721575;M_W-Wide Flange:W460X60:176883;True
869;IfcBeam;0FW0PzjNH7NBjuEjXLDhd3;M_W-Wide Flange:W460X60:W460X60:208761;;;12.842183573274944;0.06750477720796048;M_W-Wide Flange:W460X60:176883;True
1378;IfcBeam;0NwXg6Ayr9z88KpqSjw_DD;M_K-Series Bar Joist-Rod Web:14K1:14K1:185492;;;5.435586908486037;0.0524113463641057;M_K-Series Bar Joist-Rod Web:14K1:175829;True
1394;IfcBeam;0NwXg6Ayr9z88KpqSjw_9r;M_K-Series Bar Joist-Rod Web:14K1:14K1:185772;;;5.4355869084853765;0.052411346362746594;M_K-Series Bar Joist-Rod Web:14K1:175829;True
1399;IfcBeam;0NwXg6Ayr9z88KpqSjw_9q;M_K-Series Bar Joist-Rod Web:14K1:14K1:185773;;;5.435586908485651;0.052411346364040774;M_K-Series Bar Joist-Rod Web:14K1:175829;True
1406;IfcBeam;0NwXg6Ayr9z88KpqSjw_CR;M_K-Series Bar Joist-Rod Web:14K1:14K1:185538;;;5.435586908486039;0.052411346363283234;M_K-Series Bar Joist-Rod Web:14K1:175829;True
1407;IfcBeam;0NwXg6Ayr9z88KpqSjw_DA;M_K-Series Bar Joist-Rod Web:14K1:14K1:185491;;;5.435586908486043;0.05241134636353376;M_K-Series Bar Joist-Rod Web:14K1:175829;True
1426;IfcBeam;0NwXg6Ayr9z88KpqSjw_Dd;M_K-Series Bar Joist-Rod Web:14K1:14K1:185534;;;5.435586908486038;0.05241134636287941;M_K-Series Bar Joist-Rod Web:14K1:175829;True
1451;IfcBeam;0NwXg6Ayr9z88KpqSjw_9m;M_K-Series Bar Joist-Rod Web:14K1:14K1:185769;;;5.435586908485372;0.05241134636323796;M_K-Series Bar Joist-Rod Web:14K1:175829;True
1465;IfcBeam;0NwXg6Ayr9z88KpqSjw_9t;M_K-Series Bar Joist-Rod Web:14K1:14K1:185774;;;5.435586908485371;0.05241134636345347;M_K-Series Bar Joist-Rod Web:14K1:175829;True
1466;IfcBeam;0NwXg6Ayr9z88KpqSjw_DB;M_K-Series Bar Joist-Rod Web:14K1:14K1:185490;;;5.435586908486039;0.05241134636179988;M_K-Series Bar Joist-Rod Web:14K1:175829;True
1486;IfcBeam;0NwXg6Ayr9z88KpqSjw_CQ;M_K-Series Bar Joist-Rod Web:14K1:14K1:185539;;;5.435586908486043;0.052411346362654425;M_K-Series Bar Joist-Rod Web:14K1:175829;True
1500;IfcBeam;0NwXg6Ayr9z88KpqSjw_CO;M_K-Series Bar Joist-Rod Web:14K1:14K1:185537;;;5.435586908486038;0.052411346363212326;M_K-Series Bar Joist-Rod Web:14K1:175829;True
1502;IfcBeam;0NwXg6Ayr9z88KpqSjw_Dc;M_K-Series Bar Joist-Rod Web:14K1:14K1:185535;;;5.435586908486047;0.05241134636460718;M_K-Series Bar Joist-Rod Web:14K1:175829;True
1551;IfcBeam;0NwXg6Ayr9z88KpqSjw_DC;M_K-Series Bar Joist-Rod Web:14K1:14K1:185493;;;5.435586908486047;0.05241134636248625;M_K-Series Bar Joist-Rod Web:14K1:175829;True
1569;IfcBeam;0NwXg6Ayr9z88KpqSjw_CP;M_K-Series Bar Joist-Rod Web:14K1:14K1:185536;;;5.43558690848604;0.052411346363695786;M_K-Series Bar Joist-Rod Web:14K1:175829;True
1586;IfcBeam;0NwXg6Ayr9z88KpqSjw_9o;M_K-Series Bar Joist-Rod Web:14K1:14K1:185771;;;5.435586908485368;0.052411346363918525;M_K-Series Bar Joist-Rod Web:14K1:175829;True
1667;IfcBeam;0NwXg6Ayr9z88KpqSjw_9p;M_K-Series Bar Joist-Rod Web:14K1:14K1:185770;;;5.435586908485653;0.05241134636282922;M_K-Series Bar Joist-Rod Web:14K1:175829;True
969;IfcColumn;2sNe4zweD6$gxBqyrJS0pY;M_Concrete-Rectangular-Column:400 x 400mm:400 x 400mm:229647;;;1.4320000000000248;0.11120000000000317;400 x 400mm;True
970;IfcColumn;2sNe4zweD6$gxBqyrJS0pZ;M_Concrete-Rectangular-Column:400 x 400mm:400 x 400mm:229646;;;1.4320000000000248;0.11120000000000317;400 x 400mm;True
971;IfcColumn;2sNe4zweD6$gxBqyrJS0p9;M_Concrete-Rectangular-Column:400 x 400mm:400 x 400mm:229668;;;1.4319999999999968;0.1111999999999996;400 x 400mm;True
972;IfcColumn;2sNe4zweD6$gxBqyrJS0pr;M_Concrete-Rectangular-Column:400 x 400mm:400 x 400mm:229656;;;1.4320000000000093;0.11120000000000119;400 x 400mm;True
973;IfcColumn;0uJFlOV3rFvOu6lBJ3bWkW;M_W-Wide Flange-Column:W150X22.5:W150X22.5:217178;;;2.961993896823577;0.009809875665205872;W150X22.5;True
974;IfcColumn;2sNe4zweD6$gxBqyrJS0pw;M_Concrete-Rectangular-Column:400 x 400mm:400 x 400mm:229655;;;1.4320000000000248;0.11120000000000317;400 x 400mm;True
975;IfcColumn;2sNe4zweD6$gxBqyrJS0p5;M_Concrete-Rectangular-Column:400 x 400mm:400 x 400mm:229672;;;1.431999999999998;0.1111999999999997;400 x 400mm;True
976;IfcColumn;0FW0PzjNH7NBjuEjXLDhjV;M_W-Wide Flange-Column:W150X22.5:W150X22.5:208357;;;1.1628139857076012;0.0038393586858135216;W150X22.5;True
977;IfcColumn;2sNe4zweD6$gxBqyrJS0p$;M_Concrete-Rectangular-Column:400 x 400mm:400 x 400mm:229650;;;1.4320000000000248;0.11120000000000317;400 x 400mm;True
978;IfcColumn;2sNe4zweD6$gxBqyrJS0p0;M_Concrete-Rectangular-Column:400 x 400mm:400 x 400mm:229677;;;2.55832000000319;0.20350400000051042;400 x 400mm;True
979;IfcColumn;0GpQFpWOH1YvaHrmh9F2W6;M_W-Wide Flange-Column:W150X22.5:W150X22.5:211624;;;1.162813985707604;0.0038393586858137515;W150X22.5;True
980;IfcColumn;3swIgXSPP4Ch5war5x2hah;M_W-Wide Flange-Column:W150X22.5:W150X22.5:199175;;;3.017926494666343;0.00999548607690026;W150X22.5;True
981;IfcColumn;3CGq687PzBuuySFo1Q5nEq;M_W-Wide Flange-Column:W250X67:W250X67:241102;;;6.269523846313941;0.042267969582726966;W250X67;True
982;IfcColumn;2sNe4zweD6$gxBqyrJS0pu;M_Concrete-Rectangular-Column:400 x 400mm:400 x 400mm:229653;;;1.4320000000000093;0.11120000000000119;400 x 400mm;True
983;IfcColumn;2sNe4zweD6$gxBqyrJS0py;M_Concrete-Rectangular-Column:400 x 400mm:400 x 400mm:229649;;;1.4320000000000248;0.11120000000000317;400 x 400mm;True
984;IfcColumn;2sNe4zweD6$gxBqyrJS0pn;M_Concrete-Rectangular-Column:400 x 400mm:400 x 400mm:229660;;;1.4320000000000124;0.1112000000000016;400 x 400mm;True
985;IfcColumn;3CGq687PzBuuySFo1Q5mwz;M_W-Wide Flange-Column:W150X22.5:W150X22.5:241863;;;1.9203263344586148;0.006353137497996391;W150X22.5;True
986;IfcColumn;3jMXdawx93suHqay4NiXep;M_W-Wide Flange-Column:W150X22.5:W150X22.5:216303;;;1.2028035910962167;0.003972062823351236;W150X22.5;True
987;IfcColumn;3jMXdawx93suHqay4NiXjh;M_W-Wide Flange-Column:W250X67:W250X67:216503;;;6.01943652067731;0.04057725080143393;W250X67;True
988;IfcColumn;3jMXdawx93suHqay4NiXez;M_W-Wide Flange-Column:W250X67:W250X67:216289;;;4.334873945191668;0.029188742483552896;W250X67;True
989;IfcColumn;2sNe4zweD6$gxBqyrJS0pB;M_Concrete-Rectangular-Column:400 x 400mm:400 x 400mm:229670;;;1.431999999999998;0.11119999999999969;400 x 400mm;True
990;IfcColumn;2sNe4zweD6$gxBqyrJS0pv;M_Concrete-Rectangular-Column:400 x 400mm:400 x 400mm:229652;;;1.4320000000000093;0.11120000000000119;400 x 400mm;True
991;IfcColumn;3swIgXSPP4Ch5war5x2hlU;M_W-Wide Flange-Column:W150X22.5:W150X22.5:198898;;;0.9395240084885486;0.0030983785359441655;W150X22.5;True
992;IfcColumn;3swIgXSPP4Ch5war5x2hkg;M_W-Wide Flange-Column:W150X22.5:W150X22.5:198790;;;0.9395240084885502;0.0030983785359438463;W150X22.5;True
993;IfcColumn;2sNe4zweD6$gxBqyrJS0p8;M_Concrete-Rectangular-Column:400 x 400mm:400 x 400mm:229669;;;1.4319999999999968;0.11119999999999962;400 x 400mm;True
994;IfcColumn;2sNe4zweD6$gxBqyrJS0p3;M_Concrete-Rectangular-Column:400 x 400mm:400 x 400mm:229678;;;2.5583200000031905;0.20350400000051053;400 x 400mm;True
995;IfcColumn;2sNe4zweD6$gxBqyrJS0p4;M_Concrete-Rectangular-Column:400 x 400mm:400 x 400mm:229673;;;1.4319999999999937;0.11119999999999923;400 x 400mm;True
996;IfcColumn;2sNe4zweD6$gxBqyrJS0pA;M_Concrete-Rectangular-Column:400 x 400mm:400 x 400mm:229671;;;1.4319999999999968;0.11119999999999962;400 x 400mm;True
997;IfcColumn;2sNe4zweD6$gxBqyrJS0pE;M_Concrete-Rectangular-Column:400 x 400mm:400 x 400mm:229667;;;1.4319999999999968;0.11119999999999962;400 x 400mm;True
998;IfcColumn;3yX498NoH6cAogvPd4MkAD;M_W-Wide Flange-Column:W250X67:W250X67:167608;;;4.334873945189072;0.029188742482078603;W250X67;True
999;IfcColumn;2sNe4zweD6$gxBqyrJS0pq;M_Concrete-Rectangular-Column:400 x 400mm:400 x 400mm:229657;;;1.4320000000000093;0.1112000000000012;400 x 400mm;True
1000;IfcColumn;3saVcraO9CJRqkF0xoeDeQ;M_W-Wide Flange-Column:W150X22.5:W150X22.5:159592;;;4.299884020682276;0.014249618266731769;W150X22.5;True
1001;IfcColumn;3yX498NoH6cAogvPd4MllV;M_W-Wide Flange-Column:W250X67:W250X67:169962;;;6.019436520674527;0.040577250799378704;W250X67;True
1002;IfcColumn;3yX498NoH6cAogvPd4Mk0O;M_W-Wide Flange-Column:W250X67:W250X67:166957;;;6.019436520674593;0.04057725079937698;W250X67;True
1003;IfcColumn;2sNe4zweD6$gxBqyrJS0pF;M_Concrete-Rectangular-Column:400 x 400mm:400 x 400mm:229666;;;1.4320000000000093;0.1112000000000012;400 x 400mm;True
1004;IfcColumn;2sNe4zweD6$gxBqyrJS0px;M_Concrete-Rectangular-Column:400 x 400mm:400 x 400mm:229654;;;1.4320000000000248;0.11120000000000317;400 x 400mm;True
1005;IfcColumn;0FW0PzjNH7NBjuEjXLDg0u;M_W-Wide Flange-Column:W150X22.5:W150X22.5:210562;;;1.162813985707599;0.003839358685813735;W150X22.5;True
1006;IfcColumn;3swIgXSPP4Ch5war5x2hJV;M_W-Wide Flange-Column:W150X22.5:W150X22.5:198643;;;1.9203263344586214;0.006353137497995041;W150X22.5;True
1007;IfcColumn;3jMXdawx93suHqay4NiXej;M_W-Wide Flange-Column:W150X22.5:W150X22.5:216305;;;3.017926494667385;0.009995486077512359;W150X22.5;True
1008;IfcColumn;3saVcraO9CJRqkF0xoeCKm;M_W-Wide Flange-Column:W250X67:W250X67:159810;;;6.269523846314014;0.042267969582731976;W250X67;True
1009;IfcColumn;2sNe4zweD6$gxBqyrJS0pS;M_Concrete-Rectangular-Column:400 x 400mm:400 x 400mm:229681;;;1.4320000000000093;0.1112000000000012;400 x 400mm;True
1010;IfcColumn;2sNe4zweD6$gxBqyrJS0p2;M_Concrete-Rectangular-Column:400 x 400mm:400 x 400mm:229679;;;2.5583200000031914;0.20350400000051058;400 x 400mm;True
1011;IfcColumn;2sNe4zweD6$gxBqyrJS0pT;M_Concrete-Rectangular-Column:400 x 400mm:400 x 400mm:229680;;;2.23475200000551;0.16076816000072772;400 x 400mm;True
1012;IfcColumn;3yX498NoH6cAogvPd4Mlgm;M_W-Wide Flange-Column:W250X67:W250X67:169605;;;6.0194365206746046;0.0405772507993819;W250X67;True
1013;IfcColumn;3jMXdawx93suHqay4NiXev;M_W-Wide Flange-Column:W250X67:W250X67:216293;;;6.019436520677314;0.04057725080143312;W250X67;True
1014;IfcColumn;0uJFlOV3rFvOu6lBJ3bWjL;M_W-Wide Flange-Column:W150X22.5:W150X22.5:217263;;;3.0179264946663635;0.009995486076900406;W150X22.5;True
1015;IfcColumn;3jMXdawx93suHqay4NiXet;M_W-Wide Flange-Column:W150X22.5:W150X22.5:216299;;;1.9203263344596833;0.006353137498383636;W150X22.5;True
1016;IfcColumn;3swIgXSPP4Ch5war5x2hPy;M_W-Wide Flange-Column:W150X22.5:W150X22.5:197968;;;0.7129749665132195;0.002346583291184783;W150X22.5;True
1017;IfcColumn;3yX498NoH6cAogvPd4Ml0p;M_W-Wide Flange-Column:W250X67:W250X67:171014;;;3.7513368520440613;0.02524373198769461;W250X67;True
1018;IfcColumn;2sNe4zweD6$gxBqyrJS0pz;M_Concrete-Rectangular-Column:400 x 400mm:400 x 400mm:229648;;;1.4320000000000248;0.11120000000000317;400 x 400mm;True
1019;IfcColumn;3yX498NoH6cAogvPd4Ml1G;M_W-Wide Flange-Column:W250X67:W250X67:171109;;;6.019436520674736;0.040577250799383124;W250X67;True
1020;IfcColumn;3yX498NoH6cAogvPd4MkVj;M_W-Wide Flange-Column:W250X67:W250X67:166872;;;6.019436520674611;0.04057725079937911;W250X67;True
1021;IfcColumn;3saVcraO9CJRqkF0xoeDkj;M_W-Wide Flange-Column:W250X67:W250X67:159455;;;6.2695238463140255;0.04226796958273096;W250X67;True
1022;IfcColumn;2sNe4zweD6$gxBqyrJS0pt;M_Concrete-Rectangular-Column:400 x 400mm:400 x 400mm:229658;;;1.432000000000013;0.11120000000000167;400 x 400mm;True
1023;IfcColumn;3saVcraO9CJRqkF0xoeDiA;M_W-Wide Flange-Column:W250X67:W250X67:159352;;;6.269523846314009;0.04226796958273103;W250X67;True
1024;IfcColumn;3yX498NoH6cAogvPd4Ml9Q;M_W-Wide Flange-Column:W250X67:W250X67:171631;;;6.019436520674744;0.040577250799382875;W250X67;True
1025;IfcColumn;2sNe4zweD6$gxBqyrJS0p7;M_Concrete-Rectangular-Column:400 x 400mm:400 x 400mm:229674;;;1.4319999999999937;0.11119999999999922;400 x 400mm;True
1026;IfcColumn;3swIgXSPP4Ch5war5x2haV;M_W-Wide Flange-Column:W150X22.5:W150X22.5:199219;;;3.0179264946663693;0.009995486076900118;W150X22.5;True
1027;IfcColumn;3CGq687PzBuuySFo1Q5mpU;M_W-Wide Flange-Column:W250X67:W250X67:242340;;;6.019436520674654;0.04057725079938;W250X67;True
1028;IfcColumn;3yX498NoH6cAogvPd4Mk2_;M_W-Wide Flange-Column:W250X67:W250X67:167051;;;6.019436520674589;0.0405772507993782;W250X67;True
1029;IfcColumn;3swIgXSPP4Ch5war5x2hgL;M_W-Wide Flange-Column:W150X22.5:W150X22.5:199097;;;3.0179264946663578;0.009995486076899771;W150X22.5;True
1030;IfcColumn;3yX498NoH6cAogvPd4Ml3V;M_W-Wide Flange-Column:W250X67:W250X67:171242;;;6.019436520674721;0.040577250799383194;W250X67;True
1031;IfcColumn;2sNe4zweD6$gxBqyrJS0pm;M_Concrete-Rectangular-Column:400 x 400mm:400 x 400mm:229661;;;1.4320000000000124;0.11120000000000158;400 x 400mm;True
1032;IfcColumn;2sNe4zweD6$gxBqyrJS0pC;M_Concrete-Rectangular-Column:400 x 400mm:400 x 400mm:229665;;;1.4320000000000093;0.11120000000000119;400 x 400mm;True
1033;IfcColumn;2sNe4zweD6$gxBqyrJS0p6;M_Concrete-Rectangular-Column:400 x 400mm:400 x 400mm:229675;;;1.4319999999999968;0.1111999999999996;400 x 400mm;True
1034;IfcColumn;3jMXdawx93suHqay4NiXem;M_W-Wide Flange-Column:W150X22.5:W150X22.5:216300;;;2.465823308391648;0.008163350543127258;W150X22.5;True
1035;IfcColumn;3swIgXSPP4Ch5war5x2hep;M_W-Wide Flange-Column:W150X22.5:W150X22.5:198943;;;1.202803591095163;0.003972062823107951;W150X22.5;True
1036;IfcColumn;3yX498NoH6cAogvPd4Mk7o;M_W-Wide Flange-Column:W250X67:W250X67:167367;;;6.019436520674701;0.0405772507993846;W250X67;True
1037;IfcColumn;3jMXdawx93suHqay4NiXe_;M_W-Wide Flange-Column:W250X67:W250X67:216290;;;3.7513368520466517;0.02524373198896962;W250X67;True
1038;IfcColumn;3yX498NoH6cAogvPd4MkJw;M_W-Wide Flange-Column:W250X67:W250X67:166095;;;6.019436520674629;0.040577250799381834;W250X67;True
1039;IfcColumn;3yX498NoH6cAogvPd4MkN7;M_W-Wide Flange-Column:W250X67:W250X67:166386;;;6.019436520674648;0.04057725079938154;W250X67;True
1040;IfcColumn;3yX498NoH6cAogvPd4Ml6H;M_W-Wide Flange-Column:W250X67:W250X67:171428;;;6.019436520674614;0.040577250799381515;W250X67;True
1041;IfcColumn;2sNe4zweD6$gxBqyrJS0p_;M_Concrete-Rectangular-Column:400 x 400mm:400 x 400mm:229651;;;1.4320000000000248;0.11120000000000317;400 x 400mm;True
1042;IfcColumn;3saVcraO9CJRqkF0xoeDcw;M_W-Wide Flange-Column:W250X67:W250X67:158920;;;6.269523846313895;0.04226796958272323;W250X67;True
1043;IfcColumn;2sNe4zweD6$gxBqyrJS0pp;M_Concrete-Rectangular-Column:400 x 400mm:400 x 400mm:229662;;;1.4320000000000124;0.11120000000000158;400 x 400mm;True
1044;IfcColumn;3saVcraO9CJRqkF0xoeCnW;M_W-Wide Flange-Column:W250X67:W250X67:162066;;;6.269523846313975;0.04226796958272852;W250X67;True
1045;IfcColumn;2sNe4zweD6$gxBqyrJS0ps;M_Concrete-Rectangular-Column:400 x 400mm:400 x 400mm:229659;;;1.4320000000000124;0.11120000000000158;400 x 400mm;True
1046;IfcColumn;3saVcraO9CJRqkF0xoeDav;M_W-Wide Flange-Column:W250X67:W250X67:158795;;;6.269523846313916;0.04226796958272431;W250X67;True
1047;IfcColumn;3saVcraO9CJRqkF0xoeDhf;M_W-Wide Flange-Column:W250X67:W250X67:159643;;;6.269523846314025;0.04226796958273138;W250X67;True
1048;IfcColumn;2sNe4zweD6$gxBqyrJS0p1;M_Concrete-Rectangular-Column:400 x 400mm:400 x 400mm:229676;;;1.4319999999999968;0.11119999999999962;400 x 400mm;True
1049;IfcColumn;3yX498NoH6cAogvPd4MlKe;M_W-Wide Flange-Column:W250X67:W250X67:170269;;;6.019436520674619;0.04057725079937809;W250X67;True
1050;IfcColumn;3jMXdawx93suHqay4NiXlS;M_W-Wide Flange-Column:W150X22.5:W150X22.5:216320;;;1.1628139857086577;0.0038393586860487475;W150X22.5;True
1051;IfcColumn;3saVcraO9CJRqkF0xoeDsi;M_W-Wide Flange-Column:W250X67:W250X67:157918;;;6.26952384631396;0.04226796958272783;W250X67;True
1052;IfcColumn;3CGq687PzBuuySFo1Q5n6F;M_W-Wide Flange-Column:W150X22.5:W150X22.5:241653;;;1.9203263344586294;0.006353137497995216;W150X22.5;True
1053;IfcColumn;3saVcraO9CJRqkF0xoeDtb;M_W-Wide Flange-Column:W250X67:W250X67:157847;;;6.269523846313883;0.042267969582721825;W250X67;True
1054;IfcColumn;3jMXdawx93suHqay4NiXlV;M_W-Wide Flange-Column:W150X22.5:W150X22.5:216323;;;1.1628139857086517;0.003839358686049219;W150X22.5;True
1055;IfcColumn;3yX498NoH6cAogvPd4Mli8;M_W-Wide Flange-Column:W250X67:W250X67:169789;;;6.019436520674613;0.040577250799382;W250X67;True
1056;IfcColumn;3jMXdawx93suHqay4NiXe$;M_W-Wide Flange-Column:W250X67:W250X67:216291;;;3.7513368520466623;0.025243731988969516;W250X67;True
1057;IfcColumn;3jMXdawx93suHqay4NiXel;M_W-Wide Flange-Column:W150X22.5:W150X22.5:216307;;;2.9619938968235715;0.009809875665205931;W150X22.5;True
1058;IfcColumn;3yX498NoH6cAogvPd4MlYQ;M_W-Wide Flange-Column:W250X67:W250X67:169135;;;6.0194365206746365;0.040577250799377546;W250X67;True
1059;IfcColumn;3swIgXSPP4Ch5war5x2hjb;M_W-Wide Flange-Column:W150X22.5:W150X22.5:198729;;;2.4658233083906183;0.008163350542627283;W150X22.5;True
1060;IfcColumn;3saVcraO9CJRqkF0xoeC5V;M_W-Wide Flange-Column:W250X67:W250X67:160813;;;6.2695238463138985;0.042267969582721075;W250X67;True
1061;IfcColumn;3saVcraO9CJRqkF0xoeCYw;M_W-Wide Flange-Column:W250X67:W250X67:163272;;;6.269523846314056;0.04226796958273179;W250X67;True
1062;IfcColumn;3jMXdawx93suHqay4NiXes;M_W-Wide Flange-Column:W150X22.5:W150X22.5:216298;;;0.7129749665142819;0.0023465832913284928;W150X22.5;True
1063;IfcColumn;3yX498NoH6cAogvPd4Mlec;M_W-Wide Flange-Column:W250X67:W250X67:169491;;;6.019436520674653;0.0405772507993805;W250X67;True
1064;IfcColumn;2sNe4zweD6$gxBqyrJS0pD;M_Concrete-Rectangular-Column:400 x 400mm:400 x 400mm:229664;;;1.4320000000000248;0.11120000000000317;400 x 400mm;True
1065;IfcColumn;3yX498NoH6cAogvPd4MlIv;M_W-Wide Flange-Column:W250X67:W250X67:170124;;;6.019436520674775;0.040577250799382875;W250X67;True
1066;IfcColumn;3saVcraO9CJRqkF0xoeC0I;M_W-Wide Flange-Column:W250X67:W250X67:161120;;;6.269523846314085;0.0422679695827288;W250X67;True
1067;IfcColumn;3saVcraO9CJRqkF0xoeCp1;M_W-Wide Flange-Column:W250X67:W250X67:162227;;;6.269523846313973;0.04226796958272827;W250X67;True
1068;IfcColumn;3yX498NoH6cAogvPd4MiXI;M_W-Wide Flange-Column:W250X67:W250X67:173159;;;6.019436520674777;0.04057725079938211;W250X67;True
1069;IfcColumn;3saVcraO9CJRqkF0xoeCHq;M_W-Wide Flange-Column:W250X67:W250X67:160006;;;6.269523846314037;0.04226796958272957;W250X67;True
1070;IfcColumn;3saVcraO9CJRqkF0xoeC7C;M_W-Wide Flange-Column:W250X67:W250X67:160958;;;6.115623953616439;0.0412275272545404;W250X67;True
1071;IfcColumn;3saVcraO9CJRqkF0xoeC3h;M_W-Wide Flange-Column:W250X67:W250X67:161177;;;6.269523846313998;0.04226796958272361;W250X67;True
1072;IfcColumn;3yX498NoH6cAogvPd4MkLd;M_W-Wide Flange-Column:W250X67:W250X67:166226;;;6.019436520674651;0.040577250799381445;W250X67;True
1073;IfcColumn;3yX498NoH6cAogvPd4Mk35;M_W-Wide Flange-Column:W250X67:W250X67:167152;;;6.019436520674709;0.04057725079938446;W250X67;True
1074;IfcColumn;3saVcraO9CJRqkF0xoeCGv;M_W-Wide Flange-Column:W250X67:W250X67:160075;;;6.269523846314052;0.042267969582728535;W250X67;True
1075;IfcColumn;3jMXdawx93suHqay4NiXed;M_W-Wide Flange-Column:W150X22.5:W150X22.5:216315;;;1.162813985708653;0.003839358686048809;W150X22.5;True
1076;IfcColumn;3saVcraO9CJRqkF0xoeC8q;M_W-Wide Flange-Column:W250X67:W250X67:161606;;;6.269523846314016;0.04226796958272486;W250X67;True
1077;IfcColumn;3yX498NoH6cAogvPd4MlNe;M_W-Wide Flange-Column:W250X67:W250X67:170461;;;3.751336852044068;0.025243731987694328;W250X67;True
1078;IfcColumn;3saVcraO9CJRqkF0xoeDYJ;M_W-Wide Flange-Column:W250X67:W250X67:159201;;;6.26952384631401;0.04226796958273088;W250X67;True
1079;IfcColumn;3saVcraO9CJRqkF0xoeCtV;M_W-Wide Flange-Column:W150X22.5:W150X22.5:161965;;;4.2998840206822715;0.014249618266731863;W150X22.5;True
1080;IfcColumn;3yX498NoH6cAogvPd4MlL0;M_W-Wide Flange-Column:W250X67:W250X67:170357;;;6.019436520674597;0.04057725079937699;W250X67;True
1081;IfcColumn;3saVcraO9CJRqkF0xoeDmF;M_W-Wide Flange-Column:W250X67:W250X67:158077;;;6.269523846313925;0.04226796958272698;W250X67;True
1082;IfcColumn;3saVcraO9CJRqkF0xoeD8i;M_W-Wide Flange-Column:W250X67:W250X67:157534;;;6.115623953616399;0.041227527254537474;W250X67;True
1083;IfcColumn;3yX498NoH6cAogvPd4Ml$$;M_W-Wide Flange-Column:W250X67:W250X67:168906;;;6.019436520674714;0.04057725079938557;W250X67;True
1084;IfcColumn;3yX498NoH6cAogvPd4MlcK;M_W-Wide Flange-Column:W250X67:W250X67:169377;;;6.019436520674665;0.04057725079938125;W250X67;True
1085;IfcColumn;3saVcraO9CJRqkF0xoeC2i;M_W-Wide Flange-Column:W250X67:W250X67:161246;;;6.269523846313991;0.042267969582723754;W250X67;True
1086;IfcColumn;3saVcraO9CJRqkF0xoeDmr;M_W-Wide Flange-Column:W250X67:W250X67:158023;;;6.269523846313957;0.04226796958272776;W250X67;True
1087;IfcColumn;3saVcraO9CJRqkF0xoeDBX;M_W-Wide Flange-Column:W250X67:W250X67:157587;;;6.269523846313961;0.04226796958272737;W250X67;True
1088;IfcColumn;3saVcraO9CJRqkF0xoeDmK;M_W-Wide Flange-Column:W250X67:W250X67:158054;;;6.269523846313932;0.04226796958272794;W250X67;True
1089;IfcColumn;3saVcraO9CJRqkF0xoeCcX;M_W-Wide Flange-Column:W250X67:W250X67:163027;;;6.115623953616468;0.04122752725454233;W250X67;True
1090;IfcColumn;3saVcraO9CJRqkF0xoeDzg;M_W-Wide Flange-Column:W250X67:W250X67:158232;;;6.115623953616368;0.041227527254538134;W250X67;True
1091;IfcColumn;3yX498NoH6cAogvPd4Mlwe;M_W-Wide Flange-Column:W250X67:W250X67:168605;;;6.019436520674647;0.04057725079938052;W250X67;True
1092;IfcColumn;3yX498NoH6cAogvPd4Ml5s;M_W-Wide Flange-Column:W250X67:W250X67:171331;;;6.019436520674742;0.04057725079938234;W250X67;True
1093;IfcColumn;3saVcraO9CJRqkF0xoeDXJ;M_W-Wide Flange-Column:W250X67:W250X67:159009;;;6.269523846313892;0.04226796958272307;W250X67;True
1094;IfcColumn;3saVcraO9CJRqkF0xoeCtq;M_W-Wide Flange-Column:W250X67:W250X67:161926;;;6.2695238463139855;0.042267969582725926;W250X67;True
1095;IfcColumn;3yX498NoH6cAogvPd4Mi$3;M_W-Wide Flange-Column:W250X67:W250X67:173046;;;6.019436520674779;0.040577250799382354;W250X67;True
1096;IfcColumn;3saVcraO9CJRqkF0xoeCKB;M_W-Wide Flange-Column:W250X67:W250X67:159865;;;6.269523846314029;0.042267969582729506;W250X67;True
1097;IfcColumn;3saVcraO9CJRqkF0xoeD37;M_W-Wide Flange-Column:W250X67:W250X67:157109;;;6.115623953616349;0.04122752725453891;W250X67;True
1098;IfcColumn;3saVcraO9CJRqkF0xoeDdl;M_W-Wide Flange-Column:W250X67:W250X67:158877;;;6.269523846313902;0.04226796958272135;W250X67;True
1099;IfcColumn;3saVcraO9CJRqkF0xoeDEL;M_W-Wide Flange-Column:W250X67:W250X67:157415;;;6.115623953616362;0.04122752725453897;W250X67;True
1100;IfcColumn;3saVcraO9CJRqkF0xoeDWe;M_W-Wide Flange-Column:W250X67:W250X67:159066;;;6.269523846313891;0.04226796958272422;W250X67;True
1101;IfcColumn;3yX498NoH6cAogvPd4Mivx;M_W-Wide Flange-Column:W250X67:W250X67:172622;;;6.019436520674707;0.04057725079937721;W250X67;True
1102;IfcColumn;3jMXdawx93suHqay4NiXen;M_W-Wide Flange-Column:W150X22.5:W150X22.5:216301;;;0.939524008489596;0.003098378536134001;W150X22.5;True
1103;IfcColumn;3jMXdawx93suHqay4NiXeu;M_W-Wide Flange-Column:W250X67:W250X67:216292;;;6.019436520677341;0.04057725080143243;W250X67;True
1104;IfcColumn;3yX498NoH6cAogvPd4MlzO;M_W-Wide Flange-Column:W250X67:W250X67:168813;;;6.019436520674721;0.040577250799385456;W250X67;True
1105;IfcColumn;3yX498NoH6cAogvPd4MkSn;M_W-Wide Flange-Column:W250X67:W250X67:166660;;;6.019436520674581;0.040577250799375957;W250X67;True
1106;IfcColumn;3yX498NoH6cAogvPd4Miru;M_W-Wide Flange-Column:W250X67:W250X67:172365;;;6.01943652067471;0.04057725079937762;W250X67;True
1107;IfcColumn;3saVcraO9CJRqkF0xoeCTO;M_W-Wide Flange-Column:W250X67:W250X67:160298;;;6.269523846313939;0.042267969582726495;W250X67;True
1108;IfcColumn;3yX498NoH6cAogvPd4MluI;M_W-Wide Flange-Column:W250X67:W250X67:168487;;;6.019436520674671;0.04057725079938347;W250X67;True
1109;IfcColumn;3saVcraO9CJRqkF0xoeCAi;M_W-Wide Flange-Column:W250X67:W250X67:161758;;;6.2695238463139775;0.042267969582725926;W250X67;True
1110;IfcColumn;3jMXdawx93suHqay4NiXek;M_W-Wide Flange-Column:W150X22.5:W150X22.5:216306;;;2.961993896823574;0.009809875665205515;W150X22.5;True
1111;IfcColumn;3yX498NoH6cAogvPd4Mlto;M_W-Wide Flange-Column:W250X67:W250X67:168391;;;6.019436520674672;0.04057725079938162;W250X67;True
1112;IfcColumn;3yX498NoH6cAogvPd4MkHg;M_W-Wide Flange-Column:W250X67:W250X67:165983;;;6.0194365206746925;0.04057725079937963;W250X67;True
1113;IfcColumn;3saVcraO9CJRqkF0xoeDrO;M_W-Wide Flange-Column:W250X67:W250X67:157738;;;6.115623953616301;0.04122752725453314;W250X67;True
1114;IfcColumn;3saVcraO9CJRqkF0xoeCwl;M_W-Wide Flange-Column:W250X67:W250X67:162781;;;6.115623953616456;0.04122752725454158;W250X67;True
1115;IfcColumn;3saVcraO9CJRqkF0xoeCbq;M_W-Wide Flange-Column:W250X67:W250X67:162822;;;6.115623953616477;0.041227527254541166;W250X67;True
1116;IfcColumn;3saVcraO9CJRqkF0xoeCJg;M_W-Wide Flange-Column:W250X67:W250X67:160152;;;6.269523846313919;0.04226796958272784;W250X67;True
1117;IfcColumn;3yX498NoH6cAogvPd4MkQl;M_W-Wide Flange-Column:W250X67:W250X67:166554;;;6.019436520674653;0.04057725079938153;W250X67;True
1118;IfcColumn;3yX498NoH6cAogvPd4Mlbd;M_W-Wide Flange-Column:W250X67:W250X67:169298;;;6.019436520674779;0.040577250799382444;W250X67;True
1119;IfcColumn;3saVcraO9CJRqkF0xoeDxL;M_W-Wide Flange-Column:W250X67:W250X67:158631;;;6.269523846313887;0.04226796958272241;W250X67;True
1120;IfcColumn;3yX498NoH6cAogvPd4Miy2;M_W-Wide Flange-Column:W250X67:W250X67:172855;;;6.019436520674699;0.04057725079937744;W250X67;True
1121;IfcColumn;3saVcraO9CJRqkF0xoeCiw;M_W-Wide Flange-Column:W250X67:W250X67:163400;;;6.269523846314051;0.04226796958273161;W250X67;True
1122;IfcColumn;3saVcraO9CJRqkF0xoeCqt;M_W-Wide Flange-Column:W250X67:W250X67:161861;;;6.269523846313981;0.04226796958272597;W250X67;True
1123;IfcColumn;3saVcraO9CJRqkF0xoeDrv;M_W-Wide Flange-Column:W250X67:W250X67:157707;;;6.115623953616377;0.04122752725453806;W250X67;True
1124;IfcColumn;3saVcraO9CJRqkF0xoeCBX;M_W-Wide Flange-Column:W250X67:W250X67:161683;;;6.269523846313975;0.04226796958272657;W250X67;True
1125;IfcColumn;3saVcraO9CJRqkF0xoeCOo;M_W-Wide Flange-Column:W250X67:W250X67:160576;;;6.269523846314056;0.04226796958272915;W250X67;True
1126;IfcColumn;3saVcraO9CJRqkF0xoeC1J;M_W-Wide Flange-Column:W250X67:W250X67:161057;;;6.269523846314085;0.04226796958272859;W250X67;True
1127;IfcColumn;3yX498NoH6cAogvPd4MlEV;M_W-Wide Flange-Column:W250X67:W250X67:171946;;;6.019436520674738;0.04057725079938233;W250X67;True
1128;IfcColumn;3saVcraO9CJRqkF0xoeC9Z;M_W-Wide Flange-Column:W250X67:W250X67:161553;;;6.269523846314013;0.04226796958272656;W250X67;True
1129;IfcColumn;3saVcraO9CJRqkF0xoeCjp;M_W-Wide Flange-Column:W250X67:W250X67:163329;;;6.269523846314029;0.042267969582732;W250X67;True
1130;IfcColumn;2sNe4zweD6$gxBqyrJS0po;M_Concrete-Rectangular-Column:400 x 400mm:400 x 400mm:229663;;;1.432000000000013;0.11120000000000169;400 x 400mm;True
1131;IfcColumn;3saVcraO9CJRqkF0xoeCzm;M_W-Wide Flange-Column:W250X67:W250X67:162306;;;6.269523846313977;0.04226796958272966;W250X67;True
1132;IfcColumn;3saVcraO9CJRqkF0xoeCFB;M_W-Wide Flange-Column:W250X67:W250X67:161465;;;6.269523846313974;0.04226796958272414;W250X67;True
1133;IfcColumn;3yX498NoH6cAogvPd4Mlok;M_W-Wide Flange-Column:W250X67:W250X67:168091;;;6.019436520674669;0.04057725079938218;W250X67;True
1134;IfcColumn;3saVcraO9CJRqkF0xoeDuU;M_W-Wide Flange-Column:W250X67:W250X67:158572;;;6.269523846313944;0.042267969582728174;W250X67;True
1135;IfcColumn;3saVcraO9CJRqkF0xoeDyB;M_W-Wide Flange-Column:W250X67:W250X67:158329;;;6.115623953616337;0.041227527254537905;W250X67;True
1136;IfcColumn;3yX498NoH6cAogvPd4MlyX;M_W-Wide Flange-Column:W250X67:W250X67:168724;;;6.019436520674649;0.040577250799380765;W250X67;True
1137;IfcColumn;3yX498NoH6cAogvPd4MlXP;M_W-Wide Flange-Column:W250X67:W250X67:169068;;;6.01943652067471;0.040577250799385074;W250X67;True
1138;IfcColumn;3yX498NoH6cAogvPd4MkT9;M_W-Wide Flange-Column:W250X67:W250X67:166780;;;6.0194365206746046;0.04057725079937534;W250X67;True
1139;IfcColumn;3saVcraO9CJRqkF0xoeCbV;M_W-Wide Flange-Column:W250X67:W250X67:162861;;;6.115623953616476;0.04122752725454118;W250X67;True
1140;IfcColumn;3jMXdawx93suHqay4NiXeo;M_W-Wide Flange-Column:W150X22.5:W150X22.5:216302;;;0.9395240084896037;0.003098378536134031;W150X22.5;True
1141;IfcColumn;3yX498NoH6cAogvPd4MkPM;M_W-Wide Flange-Column:W250X67:W250X67:166499;;;6.0194365206746605;0.04057725079938136;W250X67;True
1142;IfcColumn;3saVcraO9CJRqkF0xoeCzL;M_W-Wide Flange-Column:W250X67:W250X67:162343;;;6.269523846313973;0.04226796958272632;W250X67;True
1143;IfcColumn;3saVcraO9CJRqkF0xoeDAy;M_W-Wide Flange-Column:W250X67:W250X67:157646;;;6.269523846313964;0.04226796958272759;W250X67;True
1144;IfcColumn;3saVcraO9CJRqkF0xoeDaO;M_W-Wide Flange-Column:W250X67:W250X67:158826;;;6.269523846313903;0.04226796958272563;W250X67;True
1145;IfcColumn;3saVcraO9CJRqkF0xoeCiF;M_W-Wide Flange-Column:W250X67:W250X67:163453;;;6.269523846313964;0.04226796958272699;W250X67;True
1146;IfcColumn;3saVcraO9CJRqkF0xoeCS3;M_W-Wide Flange-Column:W250X67:W250X67:160369;;;6.115623953616348;0.04122752725453901;W250X67;True
1147;IfcColumn;3saVcraO9CJRqkF0xoeCEK;M_W-Wide Flange-Column:W250X67:W250X67:161510;;;6.269523846313978;0.042267969582724246;W250X67;True
1148;IfcColumn;3saVcraO9CJRqkF0xoeCks;M_W-Wide Flange-Column:W250X67:W250X67:163524;;;6.269523846313913;0.04226796958272445;W250X67;True
1149;IfcColumn;3saVcraO9CJRqkF0xoeCxc;M_W-Wide Flange-Column:W250X67:W250X67:162708;;;6.115623953616457;0.04122752725454136;W250X67;True
1150;IfcColumn;3saVcraO9CJRqkF0xoeCId;M_W-Wide Flange-Column:W250X67:W250X67:160213;;;6.269523846313962;0.04226796958272622;W250X67;True
1151;IfcColumn;3saVcraO9CJRqkF0xoeDwQ;M_W-Wide Flange-Column:W250X67:W250X67:158696;;;6.269523846313888;0.04226796958272173;W250X67;True
1152;IfcColumn;3yX498NoH6cAogvPd4MixX;M_W-Wide Flange-Column:W250X67:W250X67:172756;;;6.019436520674709;0.04057725079937894;W250X67;True
1153;IfcColumn;3saVcraO9CJRqkF0xoeCPl;M_W-Wide Flange-Column:W250X67:W250X67:160541;;;6.269523846314038;0.04226796958272932;W250X67;True
1154;IfcColumn;3yX498NoH6cAogvPd4Mlau;M_W-Wide Flange-Column:W250X67:W250X67:169229;;;6.019436520674601;0.04057725079937492;W250X67;True
1155;IfcColumn;3yX498NoH6cAogvPd4MkF9;M_W-Wide Flange-Column:W250X67:W250X67:167932;;;6.019436520674644;0.04057725079937975;W250X67;True
1156;IfcColumn;3saVcraO9CJRqkF0xoeCOT;M_W-Wide Flange-Column:W250X67:W250X67:160623;;;6.26952384631405;0.04226796958272849;W250X67;True
1157;IfcColumn;3saVcraO9CJRqkF0xoeDvf;M_W-Wide Flange-Column:W250X67:W250X67:158491;;;6.2695238463139695;0.04226796958272824;W250X67;True
1158;IfcColumn;3saVcraO9CJRqkF0xoeCu3;M_W-Wide Flange-Column:W250X67:W250X67:162673;;;6.115623953616385;0.041227527254536586;W250X67;True
1159;IfcColumn;3saVcraO9CJRqkF0xoeCRE;M_W-Wide Flange-Column:W250X67:W250X67:160700;;;6.269523846313984;0.042267969582724135;W250X67;True
1160;IfcColumn;3saVcraO9CJRqkF0xoeCVC;M_W-Wide Flange-Column:W250X67:W250X67:160446;;;6.115623953616442;0.041227527254540236;W250X67;True
1161;IfcColumn;3yX498NoH6cAogvPd4Miwc;M_W-Wide Flange-Column:W250X67:W250X67:172691;;;6.019436520674724;0.040577250799380155;W250X67;True
1162;IfcColumn;3saVcraO9CJRqkF0xoeCyk;M_W-Wide Flange-Column:W250X67:W250X67:162396;;;6.115623953616389;0.0412275272545365;W250X67;True
1163;IfcColumn;3saVcraO9CJRqkF0xoeD_w;M_W-Wide Flange-Column:W250X67:W250X67:158408;;;6.269523846314004;0.042267969582726064;W250X67;True
464;IfcSlab;3yX498NoH6cAogvPd4Mk$Y;Floor:64mm Concrete With 38mm Metal Deck:164823;Metal - Decking;0.038;3802.9417721893974;193.00078567196965;Floor:64mm Concrete With 38mm Metal Deck;True
1164;IfcSlab;2XnCNfbvb5mfgxvK1MPFfM;Floor:150mm Slab on Grade:164090;Concrete - Cast In Situ;0.15;5187.392608000019;386.61310560000163;Floor:150mm Slab on Grade;True
1781;IfcSlab;04P9YDzmrE2hYqZJi1w5iG;Floor:150mm Slab on Grade:235000;Concrete - Cast In Situ;0.15;8.849410799999976;0.5748375599999984;Floor:150mm Slab on Grade;True
1782;IfcSlab;1lGrrtZObD3BCuxBCd$E_H;Floor:150mm Exterior Slab on Grade:240432;Concrete - Cast In Situ;0.15;343.26328027569576;25.097949702631375;Floor:150mm Exterior Slab on Grade;True
1783;IfcSlab;2lH_RQeBDBG8rH6PWO_5fC;Floor:150mm Slab on Grade:221475;Concrete - Cast In Situ;0.15;91.59626787695763;6.548327983488844;Floor:150mm Slab on Grade;True
1784;IfcSlab;0EBxs8wY934BfjQnQnJP9Z;Floor:64mm Concrete With 38mm Metal Deck:235649;Metal - Decking;0.038;134.14150860917755;6.654527768441215;Floor:64mm Concrete With 38mm Metal Deck;True
232610;IfcSlab;0VsgkmPnbAuO2d6$Acv6Id;Basic Roof:EPDM Membrane on Rigid Insul on Metal Deck:192693;;;112.76119650540593;6.548425307752121;Basic Roof:EPDM Membrane on Rigid Insul on Metal Deck;True
232611;IfcSlab;1qmIE0AT530u6nHie7uwmF;Basic Roof:EPDM Membrane on Rigid Insul on Metal Deck:234334;;;23.96312994923834;1.291876524460011;Basic Roof:EPDM Membrane on Rigid Insul on Metal Deck;True
232612;IfcSlab;22_kIllv127wWuzeSbBoPm;Basic Roof:EPDM Membrane on Rigid Insul on Metal Deck:190761;;;3193.3260724197617;189.62771502943775;Basic Roof:EPDM Membrane on Rigid Insul on Metal Deck;True
232613;IfcSlab;3R2xqSpSb6wxaYrNqlG$vR;Basic Roof:EPDM Membrane on Rigid Insul on Metal Deck:234248;;;23.96312994923834;1.291876524460011;Basic Roof:EPDM Membrane on Rigid Insul on Metal Deck;True
232614;IfcSlab;1qPR37XKvCSO5N6BiX3XUG;Basic Roof:EPDM Membrane on Rigid Insul on Metal Deck:234050;;;33.726886549984755;1.791946352999096;Basic Roof:EPDM Membrane on Rigid Insul on Metal Deck;True
232615;IfcSlab;30p3vwvQ9DnhwTF3lHIih8;Basic Roof:EPDM Membrane on Rigid Insul on Metal Deck:234228;;;33.726886549984755;1.791946352999096;Basic Roof:EPDM Membrane on Rigid Insul on Metal Deck;True
232616;IfcSlab;2oJ$jhEMn3nhAqn0NbtYKu;Basic Roof:EPDM Membrane on Rigid Insul on Metal Deck:192254;;;1224.7581254093284;72.08808272455983;Basic Roof:EPDM Membrane on Rigid Insul on Metal Deck;True
